component,file,bytes,source_path_in_review,sha256_16
1_Protocol_and_Registration,00_START_HERE.md,5637,Registration/00_START_HERE.md,7da921dde29c5c85
1_Protocol_and_Registration,01_registration_metadata.md,6090,Registration/01_registration_metadata.md,a7c100678bcf4bc7
1_Protocol_and_Registration,02_protocol_PRISMA-P.md,10529,Registration/02_protocol_PRISMA-P.md,00ae0d7650edb691
1_Protocol_and_Registration,03_search_strategy_PRISMA-S.md,10186,Registration/03_search_strategy_PRISMA-S.md,5e26371de0a8d4c1
1_Protocol_and_Registration,04_eligibility_criteria.md,5123,Registration/04_eligibility_criteria.md,6f5f372020e6803e
1_Protocol_and_Registration,05_data_extraction_form.md,4497,Registration/05_data_extraction_form.md,59196aecaf03b040
1_Protocol_and_Registration,06_risk_of_bias_plan.md,6845,Registration/06_risk_of_bias_plan.md,5408a1f7cae77049
1_Protocol_and_Registration,07_amendments_and_deviations.md,7802,Registration/07_amendments_and_deviations.md,4be515532655816a
1_Protocol_and_Registration,08_file_manifest.md,5913,Registration/08_file_manifest.md,5dc30257b8012a02
1_Protocol_and_Registration,agent2_criteria.yaml,7973,agent2_criteria.yaml,9068dae6ddf38d26
1_Protocol_and_Registration,protocol.json,7033,protocol.json,91660e0ec323d296
1_Protocol_and_Registration,search_strategy.json,1105,search_strategy.json,3496083234120479
2_PRISMA,PRISMA_2020_checklist_supplement.md,3521,LaTex PDF/PRISMA_2020_checklist_supplement.md,0a883a85a9dc7239
2_PRISMA,PRISMA_flow_report.json,5472,PRISMA_flow_report.json,25f0cbdaf474527c
2_PRISMA,PRISMA_flow_report.md,3835,PRISMA_flow_report.md,30c6b45952949095
2_PRISMA,prisma_identification.json,966,prisma_identification.json,516b4bf43e3c00a5
2_PRISMA,prisma_log.json,4896,prisma_log.json,4d66e4c28f6bf22c
3_Included_Studies,included_characteristics.csv,118707,LaTex PDF/included_characteristics.csv,dbbd6bd84c8ef263
3_Included_Studies,included_characteristics_README.md,5825,LaTex PDF/included_characteristics_README.md,2a5cba76852812eb
3_Included_Studies,included_characteristics_supplement.csv,193178,LaTex PDF/included_characteristics_supplement.csv,fe0ba822482ebac2
3_Included_Studies,included_studies_185.bib,83192,LaTex PDF/included_studies_185.bib,fc0bd2fe57e2dc41
3_Included_Studies,quadas_worksheets/batch1.json,18659,LaTex PDF/scripts/quadas_worksheets/batch1.json,2c9184de06a18246
3_Included_Studies,quadas_worksheets/batch2.json,18001,LaTex PDF/scripts/quadas_worksheets/batch2.json,7755d5e3bc280102
3_Included_Studies,quadas_worksheets/batch3.json,17773,LaTex PDF/scripts/quadas_worksheets/batch3.json,029b0a71ff8e8c68
3_Included_Studies,quadas_worksheets/batch4.json,18817,LaTex PDF/scripts/quadas_worksheets/batch4.json,52b3dfb8186531a3
3_Included_Studies,quadas_worksheets/batch5.json,17836,LaTex PDF/scripts/quadas_worksheets/batch5.json,d68246860b661fb0
3_Included_Studies,quadas_worksheets/batch6.json,18081,LaTex PDF/scripts/quadas_worksheets/batch6.json,0afb5ae188e2a70a
4_Screening_Decisions,abstract_screening_decisions.csv,17902101,Abstract Screening/agent2_final_screening_decisions.csv,33e19ac271c35a99
4_Screening_Decisions,fulltext_screening_decisions.csv,411740,Full Text Screening/agent3_final_screening_decisions.csv,1594ee44138d6ca1
5_Code,assemble.py,11829,LaTex PDF/scripts/assemble.py,0d8d58b2372ae62e
5_Code,prep_corpus.py,7044,LaTex PDF/scripts/prep_corpus.py,54e93fd41ced34c3
