row_id,year,title,journal,pmid,doi,sonnet5_decision,opus5_decision,fable5_decision,ai_consensus,recorded_decision,consensus_vs_recorded,unanimous_ai,sonnet5_reason,opus5_reason,fable5_reason
K001,2026,Deep Learning Reconstruction of Diffusion-weighted MRI Enables Shorter Examination Times While Maintaining Image Quality in Head and Neck Imaging.,Clinical neuroradiology,41498976,10.1007/s00062-025-01604-6,exclude,exclude,exclude,exclude,exclude,AGREE,yes,wrong_population,wrong_population,wrong_population
K002,2025,AIBSD: Deep learning approach to address spatial systematic errors in diffusion tensor imaging.,Computer methods and programs in biomedicine,40876083,10.1016/j.cmpb.2025.109034,include,unsure,unsure,unsure,exclude,,no,,,
K003,2024,Image Reconstruction With B0 Inhomogeneity Using a Deep Unrolled Network,,,10.1109/tim.2024.3481545,include,include,include,include,include,AGREE,yes,,,
K004,2022,Distortion-Free Diffusion Imaging Using Self-Navigated Cartesian Echo-Planar Time Resolved Acquisition and Joint Magnitude and Phase Constrained Reconstruction,IEEE Transactions on Medical Imaging,,10.1109/TMI.2021.3104291,unsure,unsure,unsure,unsure,exclude,,yes,,,
K005,2018,Autofocusing-based phase correction,,,10.1002/mrm.27092,unsure,unsure,unsure,unsure,exclude,,yes,,,
K006,2024,Clinical Evaluation of a 2-Minute Ultrafast Brain MR Protocol for Evaluation of Acute Pathology in the Emergency and Inpatient Settings,American Journal of Neuroradiology,,10.3174/ajnr.a8143,unsure,unsure,unsure,unsure,include,,yes,,,
K007,2024,Towards retrospective motion correction and reconstruction for clinical 3D brain MRI protocols with a reference contrast.,"Magma (New York, N.Y.)",38758490,10.1007/s10334-024-01161-y,include,include,include,include,include,AGREE,yes,,,
K008,2019,Magnetic resonance cholangiopancreatography using optimized integrated combination with parallel imaging and compressed sensing technique.,Abdominal radiology (New York),30659308,10.1007/s00261-018-01886-0,exclude,exclude,exclude,exclude,exclude,AGREE,yes,wrong_population,wrong_population,wrong_population
K009,2025,Practical signal-to-noise ratio mapping using single clinical scan,,,10.1007/s12194-025-00944-9,include,include,include,include,exclude,DISAGREE,yes,,,
K010,2015,Sparse Reconstruction Challenge for diffusion MRI: Validation on a physical phantom to determine which acquisition scheme and analysis method to use?,Medical image analysis,26606457,10.1016/j.media.2015.10.012,exclude,exclude,exclude,exclude,include,DISAGREE,yes,wrong_population,wrong_population,wrong_population
K011,2022,Deep learning reconstruction for 1.5 T cervical spine MRI,,,10.1007/s00330-022-08729-z,exclude,exclude,exclude,exclude,exclude,AGREE,yes,wrong_population,wrong_population,wrong_population
K012,2025,3D Isotropic High-Resolution Fetal Brain MRI Reconstruction From Motion Corrupted Thick Data,IEEE Journal of Biomedical and Health Informatics,,10.1109/jbhi.2025.3586049,include,include,include,include,include,AGREE,yes,,,
K013,2018,True constructive interference in the steady state (trueCISS).,Magnetic resonance in medicine,28736917,10.1002/mrm.26836,include,include,include,include,exclude,DISAGREE,yes,,,
K014,2024,Highly accelerated multi-shot intravoxel incoherent motion diffusion-weighted imaging in brain enabled by parametric POCS-based multiplexed sensitivity encoding.,NMR in biomedicine,37871617,10.1002/nbm.5063,include,include,include,include,exclude,DISAGREE,yes,,,
K015,2026,PET Head Motion Estimation Using Supervised Deep Learning With Attention.,IEEE transactions on medical imaging,41082441,10.1109/TMI.2025.3620714,exclude,exclude,exclude,exclude,exclude,AGREE,yes,wrong_population,wrong_population,wrong_population
K016,2021,Implementation and Image Quality Benefit of a Hybrid-Space PET Point Spread,,,10.1109/nss/mic44867.2021.9875877,exclude,exclude,exclude,exclude,exclude,AGREE,yes,wrong_population,wrong_population,wrong_population
K017,2019,PEC-GRAPPA reconstruction of simultaneous multislice EPI with slice-dependent 2D Nyquist ghost correction,,,10.1002/mrm.27546,include,include,include,include,exclude,DISAGREE,yes,,,
K018,2021,A Generalized Linear modeling approach to bootstrapping multi-frame PET image data.,Medical image analysis,34186431,10.1016/j.media.2021.102132,exclude,exclude,exclude,exclude,exclude,AGREE,yes,wrong_population,wrong_population,wrong_population
K019,2022,Improvement of peripheral nerve visualization using a deep learning-based MR reconstruction algorithm,,,10.1016/j.mri.2021.10.038,exclude,exclude,exclude,exclude,exclude,AGREE,yes,wrong_population,wrong_population,wrong_population
K020,2018,Rotating single-shot acquisition (RoSA) with composite reconstruction for fast high-resolution diffusion imaging.,Magnetic resonance in medicine,28321904,10.1002/mrm.26671,include,include,include,include,exclude,DISAGREE,yes,,,
K021,2022,High-throughput volumetric adaptive optical imaging using compressed time-reversal matrix,Light: Science & Applications,,10.1038/s41377-021-00705-4,exclude,exclude,exclude,exclude,exclude,AGREE,yes,wrong_population,wrong_population,wrong_population
K022,2022,Spatiotemporal Flexible Sparse Reconstruction for Rapid Dynamic Contrast-Enhanced MRI.,IEEE transactions on bio-medical engineering,34166181,10.1109/tbme.2021.3091881,include,include,include,include,include,AGREE,yes,,,
K023,1995,Using an image database to constrain the acquisition and reconstruction of MR images of the human head,IEEE Transactions on Medical Imaging,,10.1109/42.387716,unsure,unsure,unsure,unsure,include,,yes,,,
K024,2022,Texture Analysis in Brain Tumor MR Imaging.,Magnetic resonance in medical sciences,33692222,10.2463/mrms.rev.2020-0159,exclude,exclude,exclude,exclude,background_only,,yes,review_editorial_protocol_commentary,review_editorial_protocol_commentary,review_editorial_protocol_commentary
K025,2020,Self-calibrating wave-encoded 3D turbo spin echo imaging using subspace model based autofocusing,,,10.1002/mrm.28007,include,include,include,include,exclude,DISAGREE,yes,,,
K026,2025,Conditional deep generative normative modeling for structural and developmental anomaly detection in the fetal brain.,NeuroImage,40912664,10.1016/j.neuroimage.2025.121442,include,exclude,exclude,exclude,include,DISAGREE,no,,wrong_intervention_or_index,wrong_intervention_or_index
K027,2019,Conductive gel bridge sensor for motion tracking in simultaneous EEG-fMRI recordings,,,10.1016/j.eplepsyres.2018.12.008,exclude,exclude,exclude,exclude,exclude,AGREE,yes,wrong_intervention_or_index,wrong_intervention_or_index,wrong_intervention_or_index
K028,2025,Dual-Network Deep Learning for Accelerated Head and Neck MRI,,,10.1002/hed.28255,exclude,exclude,exclude,exclude,exclude,AGREE,yes,wrong_population,wrong_population,wrong_population
K029,2020,Volumetric mapping of intra- and extracellular pH in the human brain using 31 P MRSI at 7T.,Magnetic resonance in medicine,32237169,10.1002/mrm.28255,exclude,exclude,exclude,exclude,exclude,AGREE,yes,wrong_intervention_or_index,wrong_outcome,wrong_outcome
K030,2025,Reliability assessment of accelerated MR sequences for the estimation of structural and vascular markers in dementia.,Scientific reports,40240759,10.1038/s41598-025-87224-z,include,include,include,include,include,AGREE,yes,,,
K031,2020,"High-fidelity, high-isotropic-resolution diffusion imaging through gSlider acquisition with B1+ and T1 corrections and integrated ΔB0/Rx shim array.",Magnetic resonance in medicine,31373048,10.1002/mrm.27899,include,include,include,include,exclude,DISAGREE,yes,,,
K032,2023,High resolution 0.5mm isotropic T1-weighted and diffusion tensor templates of the brain of non-demented older adults in a common space for the MIITRA atlas.,NeuroImage,37783362,10.1016/j.neuroimage.2023.120387,exclude,unsure,exclude,exclude,exclude,AGREE,no,wrong_intervention_or_index,,wrong_intervention_or_index
K033,2026,Accelerating CEST MRI through complementary undersampling and multi-offset transformer reconstruction,Communications Engineering,,10.1038/s44172-025-00580-6,include,include,include,include,include,AGREE,yes,,,
K034,2026,Improved Simultaneous Multislice EPI Reconstruction for Diffusion MRI using regularized iterative phase error-corrected SENSE.,NeuroImage,41512942,10.1016/j.neuroimage.2026.121684,include,include,include,include,exclude,DISAGREE,yes,,,
K035,2022,Self-navigated prospective motion correction for 3D-EPI acquisition,,,10.1002/mrm.29202,include,include,include,include,exclude,DISAGREE,yes,,,
K036,2021,White matter volume not associated with hallucinations in clinical high risk and first-episode psychosis: A voxel-based morphometry study.,Psychiatry and clinical neurosciences,34191366,10.1111/pcn.13284,exclude,exclude,exclude,exclude,exclude,AGREE,yes,out_of_scope,wrong_intervention_or_index,wrong_intervention_or_index
K037,2025,EDGeNet Electroencephalography Denoising Efficient Network for Fast Artifact Removal,,,10.1109/embc58623.2025.11253564,exclude,exclude,exclude,exclude,exclude,AGREE,yes,wrong_population,wrong_population,wrong_population
K038,2003,Diffusion-weighted imaging of the spine: is it reliable?,AJNR. American journal of neuroradiology,12812965,,exclude,exclude,exclude,exclude,exclude,AGREE,yes,review_editorial_protocol_commentary,review_editorial_protocol_commentary,review_editorial_protocol_commentary
K039,2020,Spiral T1 Spin-Echo for Routine Postcontrast Brain MRI Exams: A Multicenter Multireader Clinical Evaluation.,AJNR. American journal of neuroradiology,32029467,10.3174/ajnr.a6409,include,include,include,include,exclude,DISAGREE,yes,,,
K040,2024,Enhancing Prenatal Diagnosis Automated Fetal Brain MRI Morphology,,,10.1007/978-3-031-73260-7/10,unsure,include,exclude,unsure,exclude,,no,,,wrong_intervention_or_index
K041,2024,MICCAI conference chapter,,,10.1007/978-3-031-72111-3/32,exclude,exclude,exclude,exclude,exclude,AGREE,yes,wrong_intervention_or_index,wrong_intervention_or_index,wrong_intervention_or_index
K042,2023,Clinical Evaluation of Scout Accelerated Motion Estimation and Reduction Technique for 3D MR Imaging in the Inpatient and Emergency Department Settings.,AJNR. American journal of neuroradiology,36702502,10.3174/ajnr.a7777,include,include,include,include,include,AGREE,yes,,,
K043,2026,Motion-Informed 3D Deep Learning Reconstruction in Patients with Cognitive Impairment,AJNR Am J Neuroradiol,,10.3174/ajnr.a8977,include,include,include,include,include,AGREE,yes,,,
K044,2021,Improved Reliability of Automated ASPECTS Evaluation Using Iterative Model Reconstruction from Head CT Scans.,Journal of neuroimaging : official journal of the American Society of Neuroimaging,33421036,10.1111/jon.12810,exclude,exclude,exclude,exclude,exclude,AGREE,yes,wrong_population,wrong_population,wrong_population
K045,2024,Deep Convolutional Backbone Comparison for Automated PET Image Quality Assessment,IEEE Transactions on Radiation and Plasma Medical Sciences,,10.1109/trpms.2024.3436697,exclude,exclude,exclude,exclude,exclude,AGREE,yes,wrong_population,wrong_population,wrong_population
K046,2020,A hybrid method for artifact removal of visual evoked EEG,,,10.1016/j.jneumeth.2020.108638,exclude,exclude,exclude,exclude,exclude,AGREE,yes,wrong_population,wrong_population,wrong_population
K047,2020,Self-Navigated Three-Dimensional Ultrashort Echo Time Technique for Motion-Corrected Skull MRI.,IEEE transactions on medical imaging,32149683,10.1109/tmi.2020.2978405,exclude,exclude,exclude,exclude,exclude,AGREE,yes,wrong_population,wrong_population,wrong_population
K048,2020,Automated adaptive preconditioner for quantitative susceptibility mapping.,Magnetic resonance in medicine,31402519,10.1002/mrm.27900,include,unsure,exclude,unsure,exclude,,no,,,wrong_intervention_or_index
K049,2026,Denoising of 4D dynamic PET images using spatiotemporal regularization with integrated temporal restoration (SPRINTER).,EJNMMI physics,42315816,10.1186/s40658-026-00898-w,exclude,exclude,exclude,exclude,exclude,AGREE,yes,wrong_population,wrong_population,wrong_population
K050,2018,In vivo self-gated 23Na MRI at 7 T using an oval-shaped body resonator,,,10.1002/mrm.27103,exclude,exclude,exclude,exclude,exclude,AGREE,yes,wrong_population,wrong_population,wrong_population
K051,2025,CAF CrossAttentionFusion for Unsupervised Brain MRI Segmentation,2025 International Conference on Big Data and Data Mining (BDDM),,10.1109/bddm68348.2025.11442193,exclude,exclude,exclude,exclude,exclude,AGREE,yes,wrong_intervention_or_index,wrong_intervention_or_index,wrong_intervention_or_index
K052,2019,High Isotropic Resolution T2 Mapping of the Lumbosacral Plexus with T2-Prepared 3D Turbo Spin Echo.,Clinical neuroradiology,29322233,10.1007/s00062-017-0658-9,exclude,exclude,exclude,exclude,exclude,AGREE,yes,wrong_population,wrong_population,wrong_population
K053,2022,[Improvement of Motion Artifacts in Brain MRI Using Deep Learning by Simulation Training Data].,Nihon Hoshasen Gijutsu Gakkai zasshi,35046218,10.6009/jjrt.780108,include,exclude,exclude,exclude,include,DISAGREE,no,,non_english,non_english
K054,2026,Highly Undersampled MRI Reconstruction via a Single Posterior Sampling of Diffusion Models,IEEE Transactions on Medical Imaging,,10.1109/TMI.2026.3654585,unsure,unsure,unsure,unsure,include,,yes,,,
K055,2021,Independent Component Analysis for Noise and Artifact Removal in Three-Dimensional Polarized Light Imaging,Brain-Inspired Computing,,10.1007/978-3-030-82427-3_7,exclude,exclude,exclude,exclude,exclude,AGREE,yes,out_of_scope,wrong_population,wrong_population
K056,2024,Performance Evaluation of Medical Image Denoising using Convolutional Autoencoders,,,10.1109/iccit62134.2024.10701250,include,include,include,include,include,AGREE,yes,,,
K057,2025,Schizophrenia Segmentation From sMRI Data: A Fusion Approach Using U-Net and Vision Transformer-Based Grad-CAM,IEEE Access,11218217,10.1109/access.2025.3625766,exclude,exclude,exclude,exclude,exclude,AGREE,yes,wrong_intervention_or_index,wrong_intervention_or_index,wrong_intervention_or_index
K058,2025,Interpretable Multimodal Brain Image Fusion for Alzheimer's Diagnosis Via a Siamese Autoencoder,,,10.1109/nss/mic/rtsd57106.2025.11287936,exclude,exclude,exclude,exclude,exclude,AGREE,yes,wrong_intervention_or_index,wrong_intervention_or_index,wrong_intervention_or_index
K059,2023,ASSURED Self-Supervised Deep Decoder Network for Fetus Brain MRI Reconstru,,,10.1109/isbi53787.2023.10230366,include,include,include,include,exclude,DISAGREE,yes,,,
K060,2022,DualMMP-GAN Dual-scale multi-modality perceptual generative adversarial network,,,10.1016/j.compbiomed.2022.105387,include,exclude,exclude,exclude,exclude,AGREE,no,,wrong_intervention_or_index,wrong_intervention_or_index
K061,2022,Model-based dynamic off-resonance correction for improved accelerated fMRI in awake behaving nonhuman primates.,Magnetic resonance in medicine,35081259,10.1002/mrm.29167,exclude,exclude,exclude,exclude,exclude,AGREE,yes,wrong_population,wrong_population,wrong_population
K062,2021,Enhanced design matrix for task-related fMRI data analysis.,NeuroImage,34775007,10.1016/j.neuroimage.2021.118719,exclude,exclude,exclude,exclude,exclude,AGREE,yes,wrong_intervention_or_index,wrong_intervention_or_index,wrong_intervention_or_index
K063,2019,Rigid-body motion correction in hybrid PET/MRI using spherical navigator echoes.,Physics in medicine and biology,30884475,10.1088/1361-6560/ab10b2,include,include,include,include,exclude,DISAGREE,yes,,,
K064,2023,Development of Software Tools Based on Clinical Data and Phantom Studies for Mathematical Simulation Modeling to Assess Brain Perfusion and Improve Image Quality During SPECT/CT with 99mTc-GMPAO,Medical Radiology and radiation safety,,10.33266/1024-6177-2023-68-6-106-117,exclude,exclude,exclude,exclude,exclude,AGREE,yes,out_of_scope,wrong_population,wrong_population
K065,2022,Accuracy investigations for volumetric head-motion navigators with and without EPI at 7 T.,Magnetic resonance in medicine,35576128,10.1002/mrm.29296,include,include,include,include,exclude,DISAGREE,yes,,,
K066,2025,Autoencoder-Driven Fiducial Landmark Identification in 3D Brain MRI for Neuroimaging Alignment,IEEE ACCESS,,10.1109/access.2025.3582273,unsure,unsure,exclude,unsure,exclude,,no,,,wrong_intervention_or_index
K067,2022,In-plane simultaneous multisegment imaging using a 2D RF pulse.,Magnetic resonance in medicine,34350601,10.1002/mrm.28956,include,include,include,include,exclude,DISAGREE,yes,,,
K068,2017,A comprehensive numerical analysis of background phase correction with V-SHARP.,NMR in biomedicine,27259117,10.1002/nbm.3550,exclude,exclude,exclude,exclude,exclude,AGREE,yes,wrong_intervention_or_index,wrong_intervention_or_index,wrong_intervention_or_index
K069,2024,MCDDPM: Multichannel Conditional Denoising Diffusion Model for Unsupervised Anomaly Detection in Brain MRI,"2024 17th International Congress on Image and Signal Processing, BioMedical Engineering and Informatics (CISP-BMEI)",,10.1109/CISP-BMEI64163.2024.10906217,unsure,exclude,exclude,exclude,include,DISAGREE,no,,wrong_outcome,wrong_intervention_or_index
K070,2025,"Assessment of AI-accelerated T2-weighted brain MRI, based on clinical ratings and image quality evaluation.",European journal of radiology,40315626,10.1016/j.ejrad.2025.112123,include,include,include,include,include,AGREE,yes,,,
K071,2024,Integrating DCCS-Net for High-Fidelity Watermarking and Tampering Detection,,,10.1109/icccmla63077.2024.10871454,unsure,exclude,exclude,exclude,exclude,AGREE,no,,wrong_intervention_or_index,wrong_intervention_or_index
K072,2026,CWT and phase congruency moments based multimodal image fusion,,,10.1007/s11042-026-21417-0,exclude,exclude,exclude,exclude,exclude,AGREE,yes,wrong_intervention_or_index,wrong_intervention_or_index,wrong_intervention_or_index
K073,2021,Quantitative Evaluation of Synthesized Brain PET Using a Variational Autoenc,,,10.1109/nss/mic44867.2021.9875443,exclude,exclude,exclude,exclude,exclude,AGREE,yes,out_of_scope,wrong_population,wrong_population
K074,2016,Optimized parallel transmit and receive radiofrequency coil for ultrahigh-field MRI of monkeys,,,10.1016/j.neuroimage.2015.10.048,exclude,exclude,exclude,exclude,exclude,AGREE,yes,wrong_population,wrong_population,wrong_population
K075,2020,Echo-planar imaging of the human head with 100 mT_m gradients and high-order modeling of eddy current fields,,,10.1002/mrm.28168,include,include,include,include,exclude,DISAGREE,yes,,,
K076,2024,On The Local Geometry of the Pet Reconstruction Problem,2024 IEEE International Symposium on Biomedical Imaging (ISBI),,10.1109/ISBI56570.2024.10635309,exclude,exclude,exclude,exclude,exclude,AGREE,yes,out_of_scope,wrong_population,wrong_population
K077,2020,Correction of Motion Artifacts Using a Multiscale Fully Convolutional Neural Network.,AJNR. American journal of neuroradiology,32054615,10.3174/ajnr.a6436,include,include,include,include,include,AGREE,yes,,,
K078,2023,Brain Tumor Recognition from MRI Using Deep Learning with Data Augmentation,,,10.1007/978-981-99-7093-3/35,exclude,exclude,exclude,exclude,exclude,AGREE,yes,wrong_outcome,wrong_intervention_or_index,wrong_intervention_or_index
K079,2026,IterMask3D: Unsupervised anomaly detection and segmentation with test-time iterative mask refinement in 3D brain MRI.,Medical image analysis,40945172,10.1016/j.media.2025.103763,include,exclude,exclude,exclude,include,DISAGREE,no,,wrong_outcome,wrong_intervention_or_index
K080,2026,Diffusion Model-Based Motion Correction in Portable Computed Tomography for Brain: A Human Observer Study.,Academic radiology,41500858,10.1016/j.acra.2025.12.028,exclude,exclude,exclude,exclude,exclude,AGREE,yes,out_of_scope,wrong_population,wrong_population
K081,2019,Bundle-specific tractography with incorporated anatomical and orientational priors.,NeuroImage,30453031,10.1016/j.neuroimage.2018.11.018,exclude,exclude,exclude,exclude,exclude,AGREE,yes,wrong_intervention_or_index,wrong_intervention_or_index,wrong_intervention_or_index
K082,2016,De Novo Emergence of Odor Category Representations in the Human Brain.,The Journal of neuroscience,26758838,10.1523/JNEUROSCI.3248-15.2016,exclude,exclude,exclude,exclude,exclude,AGREE,yes,wrong_intervention_or_index,wrong_intervention_or_index,wrong_intervention_or_index
K083,2019,Sparsity and locally low rank regularization for MR fingerprinting.,Magnetic resonance in medicine,30720209,10.1002/mrm.27665,include,include,include,include,exclude,DISAGREE,yes,,,
K084,2023,Image quality assessment for MRI Is it up to the task,,,10.1109/euvip58404.2023.10323060,exclude,exclude,exclude,exclude,background_only,,yes,review_editorial_protocol_commentary,review_editorial_protocol_commentary,review_editorial_protocol_commentary
K085,2018,Accuracy and Reliability of Multiphase CTA Perfusion for Identifying Ischemic Core,,,10.1007/s00062-018-0717-x,exclude,exclude,exclude,exclude,exclude,AGREE,yes,wrong_population,wrong_population,wrong_population
K086,2018,Low dose CBCT reconstruction via prior contour based total variation (PCTV) regularization: a feasibility study.,Physics in medicine and biology,29537385,10.1088/1361-6560/aab68d,exclude,exclude,exclude,exclude,exclude,AGREE,yes,wrong_population,wrong_population,wrong_population
K087,2023,Functional Alignment-Auxiliary Generative Adversarial Network-Based Visual Stimuli Reconstruction via Multi-Subject fMRI.,IEEE transactions on neural systems and rehabilitation engineering : a publication of the IEEE Engineering in Medicine and Biology Society,37279132,10.1109/tnsre.2023.3283405,exclude,exclude,exclude,exclude,exclude,AGREE,yes,wrong_intervention_or_index,wrong_intervention_or_index,wrong_intervention_or_index
K088,2015,A novel regularized K-SVD dictionary learning based medical image,,,10.1007/s11042-015-2744-9,include,include,include,include,exclude,DISAGREE,yes,,,
K089,2025,Modified energy-based GAN for intensity in homogeneity correction in brain MR images.,Scientific reports,40691452,10.1038/s41598-025-08552-8,include,include,include,include,include,AGREE,yes,,,
K090,2024,Physically informed deep neural networks for metabolite-corrected plasma input function estimation in dynamic PET imaging.,Computer methods and programs in biomedicine,39180914,10.1016/j.cmpb.2024.108375,exclude,exclude,exclude,exclude,exclude,AGREE,yes,wrong_population,wrong_population,wrong_population
K091,2024,A 3D Sparse Autoencoder for Fully Automated Quality Control of Affine Registrations in Big Data Brain MRI Studies,Journal of Imaging Informatics in Medicine,,10.1007/s10278-023-00933-7,exclude,exclude,exclude,exclude,exclude,AGREE,yes,wrong_intervention_or_index,wrong_intervention_or_index,wrong_intervention_or_index
K092,2022,Accelerated 3D T2-weighted images using compressed sensing,Neuroradiology,,10.1007/s00234-022-03028-2,include,include,include,include,exclude,DISAGREE,yes,,,
K093,2022,Data-driven learning to identify biomarkers in bipolar disorder,,,10.1016/j.cmpb.2022.107112,exclude,exclude,exclude,exclude,exclude,AGREE,yes,wrong_intervention_or_index,wrong_intervention_or_index,wrong_intervention_or_index
K094,2025,Personalized MRI-based characterization of subcortical anomalies in Ataxia-Telangiectasia using deep-learning.,PloS one,40880371,10.1371/journal.pone.0328828,exclude,exclude,exclude,exclude,exclude,AGREE,yes,wrong_intervention_or_index,wrong_intervention_or_index,wrong_intervention_or_index
K095,2025,Clinical evaluation of scout accelerated motion estimation,,,10.1007/s00247-025-06250-1,include,include,include,include,exclude,DISAGREE,yes,,,
K096,2013,Anisotropic smoothing regularization (AnSR) in Thirion's Demons registration evaluates brain MRI tissue changes post-laser ablation.,IEEE EMBC Annual International Conference,24110610,10.1109/EMBC.2013.6610423,exclude,exclude,exclude,exclude,exclude,AGREE,yes,wrong_intervention_or_index,wrong_intervention_or_index,wrong_intervention_or_index
K097,2020,Efficient Reconstruction Technique for Multi-Slice CS-MRI Using Novel Interpolation and 2D Sampling Scheme,IEEE Access,9123887,10.1109/access.2020.3004731,include,include,include,include,exclude,DISAGREE,yes,,,
K098,2025,Learning Perspective Distortion Correction in Cone-Beam X-Ray Transmission Imaging,,,10.1109/trpms.2025.3551501,exclude,exclude,exclude,exclude,exclude,AGREE,yes,wrong_population,wrong_population,wrong_population
K099,2018,Density-weighted concentric circle trajectories for high resolution brain magnetic resonance spectroscopic imaging at 7T.,Magnetic resonance in medicine,29106742,10.1002/mrm.26987,include,include,include,include,exclude,DISAGREE,yes,,,
K100,2023,Machine learning based dynamic consensus model for predicting blood-brain barrier permeability,Computers in Biology and Medicine,,10.1016/j.compbiomed.2023.106984,exclude,exclude,exclude,exclude,exclude,AGREE,yes,out_of_scope,out_of_scope,out_of_scope
K101,2019,Phase Image Texture Analysis for Motion Detection in Diffusion MRI (PITA-MDD).,Magnetic resonance imaging,31319127,10.1016/j.mri.2019.07.009,include,include,include,include,exclude,DISAGREE,yes,,,
K102,2023,Encoder-Decoder Contrast for Unsupervised Anomaly Detection in Medical Images,IEEE Transactions on Medical Imaging,,10.1109/tmi.2023.3327720,exclude,exclude,exclude,exclude,exclude,AGREE,yes,wrong_intervention_or_index,wrong_intervention_or_index,wrong_intervention_or_index
K103,2023,Accelerated Motion Correction for MRI Using Score-Based Generative Models,,,10.1109/isbi53787.2023.10230457,include,include,include,include,exclude,DISAGREE,yes,,,
K104,2024,CT Image Denoising and Deblurring With Deep Learning: Current Status and Perspectives,IEEE Transactions on Radiation and Plasma Medical Sciences,10354073,10.1109/trpms.2023.3341903,exclude,exclude,exclude,exclude,exclude,AGREE,yes,review_editorial_protocol_commentary,review_editorial_protocol_commentary,review_editorial_protocol_commentary
K105,2026,TomoRay cranial: synthesis of cranial CT imaging from biplanar radiographs using a generative adversarial network,European Radiology,,10.1007/s00330-025-12253-1,exclude,exclude,exclude,exclude,exclude,AGREE,yes,wrong_population,wrong_population,wrong_population
K106,2024,Differentiation of glioblastoma from solitary brain metastasis using deep ensembles,Computer Methods and Programs in Biomedicine,,10.1016/j.cmpb.2024.108288,exclude,exclude,exclude,exclude,exclude,AGREE,yes,wrong_intervention_or_index,wrong_intervention_or_index,wrong_intervention_or_index
K107,2026,Deep Learning-Accelerated 3D FLAIR Enables Reliable MS Lesion Detection,AJNR Am J Neuroradiol,,10.3174/ajnr.a9140,include,include,include,include,include,AGREE,yes,,,
K108,2020,Recalibrating the epigenetic clock: implications for assessing biological age in the human cortex.,Brain,33300551,10.1093/brain/awaa334,exclude,exclude,exclude,exclude,exclude,AGREE,yes,out_of_scope,out_of_scope,out_of_scope
K109,2023,Geometric Reliability of Super-Resolution Reconstructed Images from Clinical Fetal MRI in the Second Trimester.,Neuroinformatics,37284977,10.1007/s12021-023-09635-5,include,include,include,include,include,AGREE,yes,,,
K110,2025,Incorporating Radiologist Knowledge Into MRI Quality Metrics for Machine Learning Using Rank-Based Ratings.,Journal of magnetic resonance imaging : JMRI,39690114,10.1002/jmri.29672,include,include,include,include,include,AGREE,yes,,,
K111,2020,A segmentation-independent volume rendering visualisation method,,,10.1007/s00330-020-06715-x,exclude,exclude,exclude,exclude,exclude,AGREE,yes,wrong_intervention_or_index,wrong_intervention_or_index,wrong_intervention_or_index
K112,2017,Simultaneous maximum a posteriori longitudinal PET image reconstruction.,Physics in medicine and biology,28643694,10.1088/1361-6560/aa7b49,exclude,exclude,exclude,exclude,exclude,AGREE,yes,wrong_population,wrong_population,wrong_population
K113,2020,Multi-Echo Recovery with Field Inhomogeneity Compensation Using Structured Low-Rank Matrix Completion,2020 IEEE 17th International Symposium on Biomedical Imaging (ISBI),,10.1109/isbi45749.2020.9098418,unsure,unsure,unsure,unsure,exclude,,yes,,,
K114,2018,Magnetic Resonance Imaging beyond the proton what does oxygen-17 MRI have to offer,,,10.1016/j.zemedi.2018.01.003,exclude,exclude,exclude,exclude,exclude,AGREE,yes,review_editorial_protocol_commentary,review_editorial_protocol_commentary,review_editorial_protocol_commentary
K115,2022,Unsupervised arterial spin labeling image superresolution via multiscale generative adversarial network,,,10.1002/mp.15468,include,include,include,include,exclude,DISAGREE,yes,,,
K116,2025,AutoCorNN: An Unsupervised Physics-Aware Deep Learning Model for Geometric Distortion Correction of Brain MRI Images Towards MR-Only Stereotactic Radiosurgery.,Journal of imaging informatics in medicine,39080159,10.1007/s10278-024-01171-1,include,include,include,include,include,AGREE,yes,,,
K117,2021,GPU based parallel framework for receiver coil sensitivity estimation in SENSE reconstruction,,,10.1016/j.mri.2021.04.009,include,include,include,include,exclude,DISAGREE,yes,,,
K118,2019,Reducing Acoustic Inhomogeneity in Microwave Induced Thermoacoustic Tomography,,,10.1109/tbme.2019.2957535,exclude,exclude,exclude,exclude,exclude,AGREE,yes,wrong_population,wrong_population,wrong_population
K119,2019,Compressed Sensing-Sensitivity Encoding (CS-SENSE) Accelerated Brain Imaging: Reduced Scan Time without Reduced Image Quality.,AJNR. American journal of neuroradiology,30523142,10.3174/ajnr.A5905,include,include,include,include,include,AGREE,yes,,,
K120,2007,Importance of axial postcontrast images in the differential diagnosis,,,10.1016/j.clineuro.2007.07.017,exclude,exclude,exclude,exclude,exclude,AGREE,yes,review_editorial_protocol_commentary,review_editorial_protocol_commentary,review_editorial_protocol_commentary
K121,2019,Network Accelerated Motion Estimation and Reduction (NAMER): Convolutional neural network guided retrospective motion correction using a separable motion model.,Magnetic resonance in medicine,31045278,10.1002/mrm.27771,include,include,include,include,include,AGREE,yes,,,
K122,2023,Influence of image contrasts and reconstruction methods on the classification of multiple sclerosis-like lesions in simulated sodium magnetic resonance imaging.,Magnetic resonance in medicine,36373186,10.1002/mrm.29476,exclude,unsure,exclude,exclude,exclude,AGREE,no,wrong_population,,wrong_population
K123,2024,Deep learning-based super-resolution and denoising algorithm improves reliability of dynamic contrast-enhanced MRI in diffuse glioma.,Scientific reports,39455814,10.1038/s41598-024-76592-7,include,include,include,include,include,AGREE,yes,,,
K124,2021,Brain MR Image Segmentation using a Fast Fuzzy Clustering Approach,,,10.1109/icccnt51525.2021.9579961,exclude,exclude,exclude,exclude,exclude,AGREE,yes,wrong_intervention_or_index,wrong_intervention_or_index,wrong_intervention_or_index
K125,2023,Deep learning study on the mechanism of edge artifacts in,Annals of Nuclear Medicine,,10.1007/s12149-023-01862-9,exclude,exclude,exclude,exclude,exclude,AGREE,yes,wrong_population,wrong_population,wrong_population
K126,2025,Diagnosis of Sacroiliitis Through Semi-Supervised Segmentation and Radiomics Feature Analysis of MRI Images.,Journal of magnetic resonance imaging : JMRI,39912494,10.1002/jmri.29731,exclude,exclude,exclude,exclude,exclude,AGREE,yes,wrong_population,wrong_population,wrong_population
K127,2019,Learning-based CBCT correction using alternating random forest based on auto-context model.,Medical physics,30471129,10.1002/mp.13295,exclude,exclude,exclude,exclude,exclude,AGREE,yes,wrong_population,wrong_population,wrong_population
K128,2021,Simultaneous multi-slice image reconstruction using regularized image domain split slice-GRAPPA,Medical Image Analysis,,10.1016/j.media.2021.102000,include,include,include,include,exclude,DISAGREE,yes,,,
K129,2024,Diffusion based multi-domain neuroimaging harmonization method with preservation of anatomical details,NeuroImage,,10.48550/arxiv.2409.00807,unsure,unsure,unsure,unsure,include,,yes,,,
K130,2025,DenoiseMamba An Innovative Approach for EEG Artifact Removal Leveraging Mamba and CNN,,,10.1109/jbhi.2025.3573042,exclude,exclude,exclude,exclude,exclude,AGREE,yes,wrong_population,wrong_population,wrong_population
K131,2019,Markerless high-frequency prospective motion correction for neuroanatomical MRI.,Magnetic resonance in medicine,30821010,10.1002/mrm.27705,include,include,include,include,exclude,DISAGREE,yes,,,
K132,2023,"High-fidelity, high-spatial-resolution diffusion magnetic resonance imaging of ex vivo whole human brain at ultra-high gradient strength with structured low-rank echo-planar imaging ghost correction.",NMR in biomedicine,36106429,10.1002/nbm.4831,include,include,include,include,include,AGREE,yes,,,
K133,2020,Detection of mesial temporal lobe epileptiform discharges on intracranial electrodes using deep learning.,Clinical neurophysiology,31760212,10.1016/j.clinph.2019.09.031,exclude,exclude,exclude,exclude,exclude,AGREE,yes,wrong_population,wrong_population,wrong_population
K134,2025,Quantitative susceptibility mapping via deep neural networks with iterative reverse concatenations and recurrent modules.,Medical physics,40089979,10.1002/mp.17747,include,include,include,include,include,AGREE,yes,,,
K135,2026,Ultra-Fast Sub-Minute Brain MRI with Deep-Learning-reconstruction for Anesthesia-Free Emergency Imaging in Children,Clinical Neuroradiology,,10.1007/s00062-026-01627-7,include,include,include,include,include,AGREE,yes,,,
K136,2015,Image quality versus outcomes.,Journal of magnetic resonance imaging : JMRI,24677391,10.1002/jmri.24622,exclude,exclude,exclude,exclude,exclude,AGREE,yes,review_editorial_protocol_commentary,review_editorial_protocol_commentary,review_editorial_protocol_commentary
K137,2026,AutoRDH-Net A Hybrid Autoencoder-LSTM Model for MRI Brain Tumor Image Analysis,,,10.1109/icbdml68582.2026.11544982,include,include,include,include,exclude,DISAGREE,yes,,,
K138,2018,Optimization of the reconstruction parameters in [123I]FP-CIT SPECT.,Physics in medicine and biology,29553048,10.1088/1361-6560/aab799,exclude,exclude,exclude,exclude,exclude,AGREE,yes,wrong_population,wrong_population,wrong_population
K139,2023,Self-supervised MRI Reconstruction with Unrolled Diffusion Models,Medical Image Computing and Computer Assisted Intervention – MICCAI 2023,,10.1007/978-3-031-43999-5_47,include,include,include,include,include,AGREE,yes,,,
K140,2026,Combined angiography and perfusion using radial imaging and arterial spin labeling with structural contrast.,Magnetic resonance in medicine,40955094,10.1002/mrm.70073,include,include,include,include,include,AGREE,yes,,,
K141,2022,FReSCO: Flow Reconstruction and Segmentation for low-latency Cardiac Output monitoring using deep artifact suppression and segmentation.,Magnetic resonance in medicine,35781891,10.1002/mrm.29374,exclude,exclude,exclude,exclude,exclude,AGREE,yes,wrong_population,wrong_population,wrong_population
K142,2026,"Quality assessment and control of unprocessed anatomical, functional and diffusion MRI of the human brain using MRIQC",Nature Protocols,,10.1038/s41596-026-01352-y,exclude,exclude,exclude,exclude,background_only,,yes,review_editorial_protocol_commentary,review_editorial_protocol_commentary,review_editorial_protocol_commentary
K143,2022,Learning residual motion correction for fast and robust 3D multiparametric MRI.,Medical image analysis,35180675,10.1016/j.media.2022.102387,include,include,include,include,include,AGREE,yes,,,
K144,2024,Removal of electrical stimulus artifact in local field potential recorded from subthalamic nucleus,,,10.1016/j.jneumeth.2023.110038,exclude,exclude,exclude,exclude,exclude,AGREE,yes,wrong_population,wrong_population,wrong_population
K145,2016,Motion robust GRAPPA for echo-planar imaging.,Magnetic resonance in medicine,25920076,10.1002/mrm.25705,include,include,include,include,exclude,DISAGREE,yes,,,
K146,2025,Tau Pet Harmonization via Surface-Based Diffusion Model,2025 IEEE 22nd International Symposium on Biomedical Imaging (ISBI),,10.1109/isbi60581.2025.10981166,exclude,exclude,exclude,exclude,exclude,AGREE,yes,wrong_population,wrong_population,wrong_population
K147,2024,NPB-REC: A non-parametric Bayesian deep-learning approach for undersampled MRI reconstruction with uncertainty estimation.,Artificial intelligence in medicine,38462289,10.1016/j.artmed.2024.102798,include,include,include,include,include,AGREE,yes,,,
K148,2013,Automated transmission-mode scanning electron microscopy (tSEM) for large volume analysis at nanoscale resolution.,PloS one,23555711,10.1371/journal.pone.0059573,exclude,exclude,exclude,exclude,exclude,AGREE,yes,wrong_population,wrong_population,wrong_population
K149,2021,Multi-shot Calibration Technique for Microwave Imaging Systems,,,10.1109/cama49227.2021.9703495,exclude,exclude,exclude,exclude,exclude,AGREE,yes,wrong_population,wrong_population,wrong_population
K150,2023,"Deep self-learning enables fast, high-fidelity isotropic resolution restoration for volumetric fluorescence microscopy",Light: Science & Applications,,10.1038/s41377-023-01230-2,exclude,exclude,exclude,exclude,exclude,AGREE,yes,wrong_population,wrong_population,wrong_population
K151,2026,Comparing XAI Explanations and Synthetic Data Augmentation Strategies in Neuroimaging AI,Explainable Artificial Intelligence,,10.1007/978-3-032-08330-2_1,exclude,exclude,exclude,exclude,exclude,AGREE,yes,wrong_outcome,wrong_intervention_or_index,wrong_intervention_or_index
K152,2026,Regression Is All You Need for Medical Image Translation.,IEEE transactions on medical imaging,41477795,10.1109/TMI.2025.3650412,include,include,include,include,include,AGREE,yes,,,
K153,2025,Motion impact score for detecting spurious brain-behavior associations.,Nature communications,41022827,10.1038/s41467-025-63661-2,exclude,exclude,exclude,exclude,exclude,AGREE,yes,wrong_intervention_or_index,wrong_outcome,wrong_intervention_or_index
K154,2023,Fast Non-Markovian Diffusion Model for Weakly Supervised Anomaly Detection in Brain MR Images,,,10.1007/978-3-031-43904-9/56,include,exclude,exclude,exclude,exclude,AGREE,no,,wrong_outcome,wrong_intervention_or_index
K155,2020,"Impact of prospective motion correction, distortion correction methods and large vein bias on the spatial accuracy of cortical laminar fMRI at 9.4 Tesla.",NeuroImage,31812715,10.1016/j.neuroimage.2019.116434,include,include,include,include,exclude,DISAGREE,yes,,,
K156,2021,T1 -FLAIR imaging during continuous head motion: Combining PROPELLER with an intelligent marker.,Magnetic resonance in medicine,32871026,10.1002/mrm.28477,include,include,include,include,exclude,DISAGREE,yes,,,
K157,2021,Calibrationless parallel imaging reconstruction for multislice MR data using low-rank tensor completion,,,10.1002/mrm.28480,include,include,include,include,exclude,DISAGREE,yes,,,
K158,2023,Physics-Based Deep Learning for Imaging Neuronal Activity via Two-Photon a,,,10.1109/tci.2023.3282052,exclude,exclude,exclude,exclude,exclude,AGREE,yes,wrong_population,wrong_population,wrong_population
K159,2021,Brain Tissue Conductivity Measurements with MR-Electrical Properties Tomography: An In Vivo Study.,Brain topography,33289858,10.1007/s10548-020-00813-1,exclude,exclude,exclude,exclude,exclude,AGREE,yes,wrong_intervention_or_index,wrong_intervention_or_index,wrong_intervention_or_index
K160,2021,Unexpected external markers artifact in 3D k-space based parallel imaging turbo spin-echo MRI,Physica Medica,,10.1016/j.ejmp.2021.10.001,include,include,include,include,exclude,DISAGREE,yes,,,
K161,2004,Generative and recognition models for neuroanatomy,,,10.1016/j.neuroimage.2004.04.021,exclude,exclude,exclude,exclude,exclude,AGREE,yes,review_editorial_protocol_commentary,review_editorial_protocol_commentary,review_editorial_protocol_commentary
K162,2018,Geometry processing of conventionally produced mouse brain slice images.,Journal of neuroscience methods,29689283,10.1016/j.jneumeth.2018.04.008,exclude,exclude,exclude,exclude,exclude,AGREE,yes,wrong_population,wrong_population,wrong_population
K163,2024,Brain-wide functional connectivity artifactually inflates throughout functional magnetic resonance imaging scans.,Nature human behaviour,38898230,10.1038/s41562-024-01908-6,exclude,exclude,exclude,exclude,exclude,AGREE,yes,wrong_intervention_or_index,wrong_intervention_or_index,wrong_intervention_or_index
K164,2026,Latent Causal Modeling for 3D Brain MRI Counterfactuals,Deep Generative Models,,10.1007/978-3-032-05472-2_19,exclude,exclude,exclude,exclude,include,DISAGREE,yes,wrong_intervention_or_index,wrong_intervention_or_index,wrong_intervention_or_index
K165,2023,Validation of an automatic software in assessing fetal brain volume from three dimensional ultrasonographic volumes: Comparison with manual analysis.,Journal of clinical ultrasound : JCU,37307382,10.1002/jcu.23509,exclude,exclude,exclude,exclude,exclude,AGREE,yes,wrong_population,wrong_population,wrong_population
K166,2019,Model-based reconstruction framework for correction of signal pile-up and geometric distortions in prostate diffusion MRI.,Magnetic resonance in medicine,30393895,10.1002/mrm.27547,exclude,exclude,exclude,exclude,exclude,AGREE,yes,wrong_population,wrong_population,wrong_population
K167,2024,Improving MRI Resolution: A Cycle Consistent Generative Adversarial Network-Based Approach for 3T to 7T Translation,IEEE Access,10614315,10.1109/access.2024.3430968,include,include,include,include,exclude,DISAGREE,yes,,,
K168,2019,Discussion on the Application of Multi-modal Magnetic Resonance,,,10.1007/s10916-019-1215-7,exclude,exclude,exclude,exclude,exclude,AGREE,yes,wrong_intervention_or_index,wrong_intervention_or_index,wrong_intervention_or_index
K169,2024,Orthogonal Mixed-Effects Modeling for High-Dimensional Longitudinal Data,,,10.1109/tmi.2024.3435855,exclude,exclude,exclude,exclude,exclude,AGREE,yes,wrong_intervention_or_index,wrong_intervention_or_index,wrong_intervention_or_index
K170,2025,SISMIK for Brain MRI: Deep-Learning-Based Motion Estimation and Model-Based Motion Correction in k-Space.,IEEE transactions on medical imaging,39159019,10.1109/tmi.2024.3446450,include,include,include,include,include,AGREE,yes,,,
K171,2026,Enhanced Spinal Cord Lesion Detection in MS Using White-Matter-Nulled 3D MPRAGE with Deep Learning Reconstruction,AJNR Am J Neuroradiol,,10.3174/ajnr.a8950,exclude,exclude,exclude,exclude,exclude,AGREE,yes,wrong_population,wrong_population,wrong_population
K172,2019,Data-driven synthetic MRI FLAIR artifact correction via deep neural network.,,30884007,,include,include,include,include,include,AGREE,yes,,,
K173,2010,Comprehensive quantitative image quality evaluation of compressed sensing MRI reconstructions using a weighted perceptual difference model,,,10.1117/12.845507,include,include,include,include,include,AGREE,yes,,,
K174,2017,Single-step quantitative susceptibility mapping with variational penalties.,NMR in biomedicine,27332141,10.1002/nbm.3570,include,include,include,include,exclude,DISAGREE,yes,,,
K175,2015,Functional magnetic resonance imaging.,British journal of hospital medicine,26646346,10.12968/hmed.2015.76.12.C189,exclude,exclude,exclude,exclude,background_only,,yes,review_editorial_protocol_commentary,review_editorial_protocol_commentary,review_editorial_protocol_commentary
K176,2021,CS-VIBE accelerates cranial nerve MR imaging for the diagnosis,,,10.1007/s00330-021-08102-6,include,include,include,include,exclude,DISAGREE,yes,,,
K177,2019,How to map the brain.,Nature,31341309,10.1038/d41586-019-02208-0,exclude,exclude,exclude,exclude,exclude,AGREE,yes,review_editorial_protocol_commentary,review_editorial_protocol_commentary,review_editorial_protocol_commentary
K178,2026,Simulation Data-Based Dual Domain Network (Sim-DDNet) for Motion Artifact Reduction in MR Images,MAGNETOCHEMISTRY,,10.3390/magnetochemistry12010014,unsure,unsure,unsure,unsure,include,,yes,,,
K179,2025,Estimating Uncertainty on Deep Learning-Driven Fibre Orientation Distribution Enhancement,,,10.1007/978-981-96-6957-8/25,include,include,include,include,include,AGREE,yes,,,
K180,2023,Interrater Reliability of Cervical Neural Foraminal Stenosis Using Traditional and Splayed Reconstructions,World Neurosurgery,,10.1016/j.wneu.2023.03.079,exclude,exclude,exclude,exclude,exclude,AGREE,yes,wrong_population,wrong_population,wrong_population
K181,2024,Distortion-free water-fat separated diffusion-weighted imaging using spatiotemporal joint reconstruction.,Magnetic resonance in medicine,39051729,10.1002/mrm.30221,include,include,include,include,exclude,DISAGREE,yes,,,
K182,2023,SADIR: Shape-Aware Diffusion Models for 3D Image Reconstruction,Shape in Medical Imaging,,10.1007/978-3-031-46914-5_23,include,include,include,include,include,AGREE,yes,,,
K183,2020,Deep Learning PET Epilepsy Detection with a Novel Symmetric Loss Convolutional Autoencoder,2020 IEEE Nuclear Science Symposium and Medical Imaging Conference (NSS/MIC),,10.1109/nss/mic42677.2020.9507980,exclude,exclude,exclude,exclude,exclude,AGREE,yes,wrong_population,wrong_population,wrong_population
K184,2020,The developing Human Connectome Project (dHCP) automated resting-state functional processing framework for newborn infants.,NeuroImage,32866666,10.1016/j.neuroimage.2020.117303,include,include,exclude,include,exclude,DISAGREE,no,,,wrong_intervention_or_index
K185,2020,Synthetic MRI of Preterm Infants at Term-Equivalent Age: Evaluation of Diagnostic Image Quality and Automated Brain Volume Segmentation.,AJNR. American journal of neuroradiology,32299803,10.3174/ajnr.a6533,unsure,include,include,include,include,AGREE,no,,,
K186,2024,Deep learning-accelerated image reconstruction in back pain-MRI imaging: reduction of acquisition time and improvement of image quality.,La Radiologia medica,38349416,10.1007/s11547-024-01787-x,exclude,exclude,exclude,exclude,exclude,AGREE,yes,wrong_population,wrong_population,wrong_population
K187,2022,Deep attentive spatio-temporal feature learning for automatic resting-state fMRI denoising.,NeuroImage,35337965,10.1016/j.neuroimage.2022.119127,include,exclude,exclude,exclude,exclude,AGREE,no,,wrong_outcome,wrong_intervention_or_index
K188,2019,Evaluation of 3D fat-navigator based retrospective motion correction in the clinical setting of patients with brain tumors.,Neuroradiology,30671618,10.1007/s00234-019-02160-w,include,include,include,include,include,AGREE,yes,,,
K189,2026,DEEP-DISORDER: Motion Correction in 3D MRI via Segment Reconstruction and Registration.,NMR in biomedicine,41958180,10.1002/nbm.70286,include,include,include,include,include,AGREE,yes,,,
K190,2026,A Two-Stage Deep Learning Pipeline for Medical Image Restoration Using DRUNet and Real-ESRGAN,,,10.1109/imcet69180.2026.11503758,exclude,include,include,include,exclude,DISAGREE,no,wrong_population,,
K191,2026,"Simulation-based inference at the theoretical limit for fast, robust microstructural MRI with minimal diffusion data",Communications Medicine,,10.1038/s43856-026-01614-6,include,unsure,unsure,unsure,include,,no,,,
K192,2025,Diffusion Models for Neuroimaging Data Augmentation: Assessing Realism and Clinical Relevance,Journal of Medical Systems,,10.1007/s10916-025-02300-1,exclude,exclude,exclude,exclude,include,DISAGREE,yes,wrong_intervention_or_index,wrong_intervention_or_index,wrong_intervention_or_index
K193,2025,Portable head CT motion artifact correction via diffusion-based generative model.,Computerized medical imaging and graphics,39705889,10.1016/j.compmedimag.2024.102478,exclude,exclude,exclude,exclude,exclude,AGREE,yes,wrong_population,wrong_population,wrong_population
K194,2020,Technical Note - Optimization of quantitative susceptibility mapping by streaking artifact detection,,,10.1002/mp.14460,include,include,include,include,exclude,DISAGREE,yes,,,
K195,2005,Quality evaluation of fast morphing interpolation model for 3D volume reconstruction,"Proceedings of the Fifth IEEE International Symposium on Signal Processing and Information Technology, 2005.",,10.1109/ISSPIT.2005.1577201,unsure,unsure,unsure,unsure,include,,yes,,,
K196,2025,Enhancing the reliability of Alzheimers disease prediction in MRI images,Computers in Biology and Medicine,,10.1016/j.compbiomed.2025.111111,exclude,exclude,exclude,exclude,exclude,AGREE,yes,wrong_intervention_or_index,wrong_intervention_or_index,wrong_intervention_or_index
K197,2025,Schizophrenia detection from electroencephalogram signals using image encoding and wrapper-based deep feature selection approach.,Scientific reports,40594257,10.1038/s41598-025-06121-7,exclude,exclude,exclude,exclude,exclude,AGREE,yes,wrong_population,wrong_population,wrong_population
K198,2022,Multifrequency Magnetic Induction Tomography for Hemorrhagic Stroke Detect,,,10.1109/tim.2022.3180406,exclude,exclude,exclude,exclude,exclude,AGREE,yes,wrong_population,wrong_population,wrong_population
K199,2020,Reduction of beam hardening artifacts on real C-arm CT data,,,10.1016/j.zemedi.2019.10.002,exclude,exclude,exclude,exclude,exclude,AGREE,yes,wrong_population,wrong_population,wrong_population
K200,2025,Image SNR Enhancement for a Short Axial FOV Brain PET System Using Generative Deep Learning,IEEE Transactions on Radiation and Plasma Medical Sciences,,10.1109/trpms.2025.3560667,exclude,exclude,exclude,exclude,exclude,AGREE,yes,wrong_population,wrong_population,wrong_population
K201,2021,MC2-Net - motion correction network for multi-contrast brain MRI,,,10.1002/mrm.28719,include,include,include,include,exclude,DISAGREE,yes,,,
K202,2024,EEG Signal Denoising Using Beta-Variational Autoencoder,,,10.1109/embc53108.2024.10782962,exclude,exclude,exclude,exclude,exclude,AGREE,yes,wrong_population,wrong_population,wrong_population
K203,2025,High-Fidelity MRI Assessment of Cerebral Perfusion in Healthy Neonates Less Than 1 Week of Age.,Journal of magnetic resonance imaging : JMRI,39945520,10.1002/jmri.29740,exclude,exclude,exclude,exclude,exclude,AGREE,yes,wrong_intervention_or_index,wrong_intervention_or_index,wrong_intervention_or_index
K204,2024,Iterative Motion Correction Technique with Deep Learning Reconstruction for Brain MRI: A Volunteer and Patient Study.,Journal of imaging informatics in medicine,38942939,10.1007/s10278-024-01184-w,include,include,include,include,include,AGREE,yes,,,
K205,2025,Digital twin brain simulator for real-time consciousness monitoring and virtual intervention using primate electrocorticogram data,npj Digital Medicine,,10.1038/s41746-025-01444-1,exclude,exclude,exclude,exclude,exclude,AGREE,yes,wrong_population,wrong_population,wrong_population
K206,2019,Assessment of quiet T2 weighted PROPELLER sequence in pediatric abdominal imaging,,,10.1016/j.clinimag.2018.09.014,exclude,exclude,exclude,exclude,exclude,AGREE,yes,wrong_population,wrong_population,wrong_population
K207,2025,Probabilistic brain MR image transformation using generative models,Scientific Reports,,10.1038/s41598-025-31958-3,include,unsure,exclude,unsure,include,,no,,,wrong_intervention_or_index
K208,2021,Deep learning-based parameter estimation in fetal diffusion-weighted MRI.,NeuroImage,34455242,10.1016/j.neuroimage.2021.118482,include,include,unsure,include,include,AGREE,no,,,
K209,2017,Auditory steady state responses and cochlear implants: Modeling the artifact-response mixture in the perspective of denoising.,PloS one,28350887,10.1371/journal.pone.0174462,exclude,exclude,exclude,exclude,exclude,AGREE,yes,wrong_population,wrong_population,wrong_population
K210,2025,Deep Self-Attention Enhanced Multi-Attribute Constrained Matrix Factorization,,,10.1109/bibm66473.2025.11356842,exclude,exclude,exclude,exclude,exclude,AGREE,yes,wrong_intervention_or_index,wrong_intervention_or_index,wrong_intervention_or_index
K211,2024,Identifying Patients with CSF-Venous Fistula Using Brain MRI: A Deep Learning Approach.,AJNR. American journal of neuroradiology,38423747,10.3174/ajnr.a8173,exclude,exclude,exclude,exclude,exclude,AGREE,yes,wrong_intervention_or_index,wrong_intervention_or_index,wrong_intervention_or_index
K212,2024,Automatic Reconstruction of Deep Brain Stimulation Lead Trajectories From CT Images Using Tracking and Morphological Ana,,,,exclude,exclude,exclude,exclude,exclude,AGREE,yes,wrong_population,wrong_population,wrong_population
K213,2023,Cycle-consistent GAN for Super-resolution of Brain MRI images,,,10.1109/embc40787.2023.10340042,include,include,include,include,exclude,DISAGREE,yes,,,
K214,2019,Compressed sensing MRI of different organs ready for clinical daily practice,,,10.1007/s00330-019-06319-0,include,include,include,include,include,AGREE,yes,,,
