doi,column,label,matched_pattern,verbatim_snippet,source
10.1117/12.845507,method_family,Compressed sensing / parallel imaging,compressed sensing,Comprehensive quantitative image quality evaluation of compressed sensing MRI reconstructions using a weighted perceptual difference,title+abstract
10.1117/12.845507,evaluation,Observer / reader study,\bobservers?\b,"over a wide range of image degradations and assume that the observer has no bias towards any of them. Here, we create metrics we",title+abstract
10.1117/12.845507,evaluation,Perceptual / learned metrics,perceptual (?:metric|loss|quality|difference),of compressed sensing MRI reconstructions using a weighted perceptual difference model <!-- source: verbatim from paper full text --> The pe,title+abstract
10.1117/12.845507,failure_modes,Artifacts (aliasing/ghosting/Gibbs),artifact,"hem. Here, we create metrics weighted to different types of artifacts, calibrated to a human observer’s preference, and then agg",title+abstract
10.1002/jmri.25149,method_family,Compressed sensing / parallel imaging,compressed sensing,Diagnostic quality assessment of compressed sensing accelerated magnetic resonance neuroimaging <!-- source: Cr,title+abstract
10.1002/jmri.25149,evaluation,Observer / reader study,radiologists?,"cho (SPGR) sequences. In a series of blinded studies, three radiologists independently evaluated CS, PI (GRAPPA), and low‐resolution",title+abstract
10.1002/jmri.25149,pulse_sequences,FLAIR,\bFLAIR\b,"s on a 3T scanner using a 32channel head coil using T2-FLAIR, FIESTA-C, time of flight (TOF), and spoiled gradient",full text
10.1002/jmri.25149,reference_standard,Fully sampled reference,,terworth apodization to eliminate ringing artifacts. Fully sampled k-space measurements were reconstructed using Roemer’s optimal,full text
10.1016/j.mri.2016.11.020,failure_modes,Artifacts (aliasing/ghosting/Gibbs),artifact,Artificial neural network for suppression of banding artifacts in balanced steady-state free precession MRI <!-- source:,title+abstract
10.1016/j.mri.2016.11.020,failure_modes,Geometric / anatomical distortion,off[- ]resonance,"sequence is frequently used in clinics, but is sensitive to off-resonance effects, which can cause banding artifacts. Often multiple",title+abstract
10.1016/j.mri.2016.11.020,reference_standard,Fully sampled reference,,tasets with two or four PC angles were used as inputs. Ground truth images without banding artifact were used as targets in the,full text
10.1016/j.mri.2017.07.016,evaluation,Perceptual / learned metrics,\bBRISQUE\b,Modified-BRISQUE as no reference image quality assessment for structural MR,title+abstract
10.1016/j.mri.2017.07.016,pulse_sequences,T1w,\bT1[- ]?w(?:eighted)?\b|\bMP-?RAGE\b|\bMP2RAGE\b|T1[- ]SPACE,evaluated the image quality of three-dimensional (3D) T1-weighted structural MRI by measuring the air background of an i,full text
10.1016/j.mri.2017.07.016,pulse_sequences,T2w,\bT2[- ]?w(?:eighted)?\b|\bT2[- ]SPACE\b|\bTSE\b|\bFSE\b,"astroenterology), spine and knee images. They are T1W, T2W or PD images from 1.5 T or 3.0 T scanners. These image",full text
10.1016/j.mri.2017.07.016,public_dataset,ADNI,\bADNI\b,"ings from Alzheimer's Disease Neuroimaging Initiative (ADNI) at high sensitivity and specificity (N85%). However,",full text
10.1002/jmri.25970,method_family,Generative (GAN/diffusion/VAE),\bsynthesi[sz],full‐dose images from the precontrast and low‐dose images. Synthesized full‐dose images were created using the trained model in,title+abstract
10.1002/jmri.25970,evaluation,Pixel-wise metrics (PSNR/SSIM/NRMSE),\bPSNR\b,compared quantitatively using peak‐signal‐to‐noise‐ratios (PSNR) and structural‐similarity‐index (SSIM). For the test set c,title+abstract
10.1002/jmri.25970,evaluation,Observer / reader study,radiologists?,"t comprised of 20 patients with mixed indications, two neuroradiologists scored blindly and independently for the three postcontrast",title+abstract
10.1002/jmri.25970,failure_modes,Artifacts (aliasing/ghosting/Gibbs),artifact,"e postcontrast image sets, evaluating image quality, motion‐artifact suppression, and contrast enhancement compared with precont",title+abstract
10.1002/jmri.25970,failure_modes,Motion degradation,\bmotion\b,"he three postcontrast image sets, evaluating image quality, motion‐artifact suppression, and contrast enhancement compared wit",title+abstract
10.1002/jmri.25970,pulse_sequences,T1w,\bT1[- ]?w(?:eighted)?\b|\bMP-?RAGE\b|\bMP2RAGE\b|T1[- ]SPACE,indicated contrast-enhanced brain MRI. Sequence: 3D T1-weighted inversion-recovery prepped fast-spoiled-gradient-echo,full text
10.1002/jmri.25970,pulse_sequences,T2w,\bT2[- ]?w(?:eighted)?\b|\bT2[- ]SPACE\b|\bTSE\b|\bFSE\b,", Zhao T, et al. Automated image quality evaluation of T2-weighted liver MRI utilizing deep learning architecture. J Magn",full text
10.1007/s00330-019-06319-0,method_family,Compressed sensing / parallel imaging,compressed sensing,Compressed sensing MRI of different organs ready for clinical daily practice <,title+abstract
10.1007/s00330-019-06319-0,evaluation,Observer / reader study,\breaders?\b,"t applications in 107 patients, leading to 120 comparisons. Readers were blinded to the technique for quantitative (contrast-to",title+abstract
10.1007/s00330-019-06319-0,failure_modes,Artifacts (aliasing/ghosting/Gibbs),artifact,"he aim was to evaluate the image quality and sensitivity to artifacts of compressed sensing (CS) acceleration technique, applied",title+abstract
10.1007/s00330-019-06319-0,failure_modes,Motion degradation,motion[- ](?:artifact|corrupt|degrad|induced),proton density (PD) weighted CS sequence which showed less motion artifacts due to the reduced acquisition time. The contrast-to-noise,title+abstract
10.1007/s00330-019-06319-0,pulse_sequences,T1w,\bT1[- ]?w(?:eighted)?\b|\bMP-?RAGE\b|\bMP2RAGE\b|T1[- ]SPACE,"fluid-attenuated inversion recovery (FLAIR) and 3D FFE T1-weighted post contrast (gadoterate meglumine, Dotarem, Guerbet)",full text
10.1007/s00330-019-06319-0,pulse_sequences,T2w,\bT2[- ]?w(?:eighted)?\b|\bT2[- ]SPACE\b|\bTSE\b|\bFSE\b,"va, Switzerland Eur Radiol (2020) 30:308–319 309 TSE Turbo spin echo VISTA Volumetric isotropic T2w acquisi",full text
10.1007/s00330-019-06319-0,pulse_sequences,FLAIR,\bFLAIR\b,"ho| |material, which is available to authorized users.|FLAIR|Fluid-attenuated inversion recovery| ||FOV|Field of vi",full text
10.1007/s00330-019-06319-0,reference_standard,Conventional reconstruction comparator,,"tifacts, CS did not exhibit different or new artifacts compared with conventional sequences, which is an important information. A recent study de",full text
10.1002/mrm.27894,evaluation,Pixel-wise metrics (PSNR/SSIM/NRMSE),structural similarity,"the root‐mean‐square error, peak signal‐to‐noise ratio, and structural similarity index, compared with current state‐of‐the‐art methods. Conc",title+abstract
10.1002/mrm.27894,failure_modes,Artifacts (aliasing/ghosting/Gibbs),artifact,MRI Gibbs-ringing artifact reduction by means of machine learning using convolutional,title+abstract
10.1002/mrm.27894,failure_modes,Hallucination / fidelity / instability,fidelity,ta were replaced with measured counterparts to enforce data fidelity further. We trained the convolutional neural network using,title+abstract
10.1002/mrm.27894,pulse_sequences,T2w,\bT2[- ]?w(?:eighted)?\b|\bT2[- ]SPACE\b|\bTSE\b|\bFSE\b,"convolutional neural network using 17,532 T2‐weighted (T2W) normal brain images and evaluated its performance on",full text
10.1002/mrm.27894,pulse_sequences,DWI,\bDWI\b|diffusion[- ]weighted|\bDTI\b|\bdMRI\b|\bHARDI\b,46|0.992| ||GRA‐CNN‐m|0.006|45.26|0.991| |Normal brain DWI|Original|0.012|38.69|0.983| ||GRA‐CNN|0.009|41.23|0.98,full text
10.1002/mrm.27894,public_dataset,HCP,\bHCP\b|Human Connectome,"ncil (RGC C7048‐16G). Data was provided in part by the Human Connectome Project, WU‐Minn Consortium (Principal Investigators:",full text
10.1002/mrm.27894,reference_standard,Fully sampled reference,,dimensional Gibbs‐ringing artifact. The image from the fully sampled data was used as reference. The artifact image was synthesi,full text
10.1109/lsp.2019.2961072,failure_modes,Artifacts (aliasing/ghosting/Gibbs),artifact,"jacent blocks, and the image domain to suppress compression artifacts at the image pixel level. For comparison, we adapted the A",title+abstract
10.1109/lsp.2019.2961072,pulse_sequences,T1w,\bT1[- ]?w(?:eighted)?\b|\bMP-?RAGE\b|\bMP2RAGE\b|T1[- ]SPACE,"-vendor, multi-field strength MR images comprising 359 T1-weighted volumetric MR scans of healthy adult brains, were used",full text
10.1109/lsp.2019.2961072,public_dataset,Calgary-Campinas,Calgary[- ]Campinas,"ENTAL METHODOLOGY ## _A. Dataset_ Images from the _Calgary-Campinas-359_ ( _CC-359_ ) dataset [11], a collection of open,",full text
10.1109/lsp.2019.2961072,reference_standard,Fully sampled reference,,generated higher fidelity reconstructions compared to fully-sampled acquisitions than the opposite domain order [18]. Our inconclusive,full text
10.1109/lsp.2019.2961072,code_available,yes,(?:code|implementation) (?:is|will be|are)? ?(?:publicly |freely )?available|github\.com|gitlab\.com|zenodo,ils about the models are publicly available at https://github.com/rmsouza01/JPEG-reconstruction. ## _C. Performance Me,full text
10.1109/tmi.2019.2896085,method_family,Compressed sensing / parallel imaging,compressed sensing,"ifferent from traditional MRI acceleration methods, such as compressed sensing and parallel imaging, MOLED-4 accelerates quantitative T2 m",title+abstract
10.1109/tmi.2019.2896085,failure_modes,Artifacts (aliasing/ghosting/Gibbs),artifact,quantitative imaging time-consuming and sensitive to motion artifacts. A single-shot quantitative T2 mapping method based on mul,title+abstract
10.1109/tmi.2019.2896085,failure_modes,Motion degradation,motion[- ](?:artifact|corrupt|degrad|induced),makes quantitative imaging time-consuming and sensitive to motion artifacts. A single-shot quantitative T2 mapping method based on mul,title+abstract
10.1109/tmi.2019.2896085,failure_modes,Robustness / distribution shift,robust,Robust Single-Shot T2 Mapping via Multiple Overlapping-Echo Acquis,title+abstract
10.1016/j.mri.2020.05.002,method_family,Motion correction,motion artifact (?:reduction|removal|suppression|correction),"ng (MRI) acquisition is inherently sensitive to motion, and motion artifact reduction is essential for improving image quality in MRI. Methods: W",title+abstract
10.1016/j.mri.2020.05.002,evaluation,Pixel-wise metrics (PSNR/SSIM/NRMSE),\bSSIM\b,odels with signifcantly higher structural similarity index (SSIM) and improvement in signal-to-noise ratio (ISNR). The DRN-D,title+abstract
10.1016/j.mri.2020.05.002,evaluation,Observer / reader study,radiologists?,"ly mixed, and image quality was blindly evaluated by a neuroradiologist. The DRN-DCMB model signifcantly improved the overall image",title+abstract
10.1016/j.mri.2020.05.002,failure_modes,Artifacts (aliasing/ghosting/Gibbs),artifact,Motion artifacts reduction in brain MRI by means of a deep residual network,title+abstract
10.1016/j.mri.2020.05.002,failure_modes,Motion degradation,motion[- ](?:artifact|corrupt|degrad|induced),Motion artifacts reduction in brain MRI by means of a deep residual network,title+abstract
10.1016/j.mri.2020.05.002,pulse_sequences,T1w,\bT1[- ]?w(?:eighted)?\b|\bMP-?RAGE\b|\bMP2RAGE\b|T1[- ]SPACE,cks (DRN-DCMB) model to reduce the motion artifacts in T1 weighted| |Deep leaning<br>Multi-resolution block<br>Dense conn,full text
10.1016/j.mri.2020.05.002,pulse_sequences,T2w,\bT2[- ]?w(?:eighted)?\b|\bT2[- ]SPACE\b|\bTSE\b|\bFSE\b,", such as fluid-attenuated inversion recovery (FLAIR), T2-weighted, diffusion-weighted, and 3D imaging. An effective an",full text
10.1016/j.mri.2020.05.002,pulse_sequences,FLAIR,\bFLAIR\b,"equences, such as fluid-attenuated inversion recovery (FLAIR), T2-weighted, diffusion-weighted, and 3D imaging. A",full text
10.1016/j.mri.2020.05.002,pulse_sequences,DWI,\bDWI\b|diffusion[- ]weighted|\bDTI\b|\bdMRI\b|\bHARDI\b,"id-attenuated inversion recovery (FLAIR), T2-weighted, diffusion-weighted, and 3D imaging. An effective and automatic motion a",full text
10.1109/tmi.2020.2987026,method_family,Generative (GAN/diffusion/VAE),\bGANs?\b,"ing (MRI), image synthesis, generative adversarial network (GAN), deep learning (DL), image fusion._** Manuscript received",title+abstract
10.1109/tmi.2020.2987026,evaluation,Observer / reader study,\breaders?\b,ogy. Results from both quantitative comparison and clinical reader study demonstrate that the multi-task formulation leads to,title+abstract
10.1109/tmi.2020.2987026,failure_modes,Artifacts (aliasing/ghosting/Gibbs),artifact,"in the acquisition, can lead to undesirable reconstruction artifacts, especially in T2-FLAIR contrast. To improve the image qua",title+abstract
10.1109/tmi.2020.2987026,failure_modes,Robustness / distribution shift,generali[sz]ability,"tilized to enhance reconstruction quality. To improve model generalizabilityand evaluate clinical significance,the proposed model was tr",title+abstract
10.1109/tmi.2020.2987026,pulse_sequences,T1w,\bT1[- ]?w(?:eighted)?\b|\bMP-?RAGE\b|\bMP2RAGE\b|T1[- ]SPACE,"synthesis. For example, [18], [19] synthesize T2w from T1w image, [20] generates 7T high resolution images from 3",full text
10.1109/tmi.2020.2987026,pulse_sequences,T2w,\bT2[- ]?w(?:eighted)?\b|\bT2[- ]SPACE\b|\bTSE\b|\bFSE\b,"e the reconstruction quality [5]–[7]. Particularly for T2-weighted fluid-attenuated inversion recovery (T2-FLAIR) images,",full text
10.1109/tmi.2020.2987026,pulse_sequences,FLAIR,\bFLAIR\b,"undesirable reconstruction artifacts, especially in T2-FLAIR contrast. To improve the image quality, in this study,",full text
10.1109/tmi.2020.2987026,reference_standard,Conventional reconstruction comparator,,", the proposed model was even preferred by the readers compared with the conventional acquisition (p<0.005), possibly due to better suppression of motio",full text
10.1109/tmi.2020.2987026,code_available,yes,(?:code|implementation) (?:is|will be|are)? ?(?:publicly |freely )?available|github\.com|gitlab\.com|zenodo,"structure with multiple residual blocks [24], > 1The code is available on: https://github.com/guanhuaw/DeepMAGiC. which has",full text
10.1002/mrm.28526,method_family,Compressed sensing / parallel imaging,compressed sensing,"ith an acceleration factor of 8. Compared with the existing compressed sensing–based methods, the proposed method produced significantly r",title+abstract
10.1002/mrm.28526,pulse_sequences,T1w,\bT1[- ]?w(?:eighted)?\b|\bMP-?RAGE\b|\bMP2RAGE\b|T1[- ]SPACE,"sampled T2 weighted data, a companion high-resolution T1-weighted image was also acquired, as it is often the case in mo",full text
10.1002/mrm.28526,pulse_sequences,T2w,\bT2[- ]?w(?:eighted)?\b|\bT2[- ]SPACE\b|\bTSE\b|\bFSE\b,exploiting the low-rank structure and sparsity in the T2-weighted image sequence and image priors learned from training,full text
10.1002/mrm.28526,pulse_sequences,DWI,\bDWI\b|diffusion[- ]weighted|\bDTI\b|\bdMRI\b|\bHARDI\b,Turnbull LW. Comparison of quantitative T2 mapping and diffusion-weighted imaging in the normal and pathologic prostate. _Magn R,full text
10.1002/mrm.28526,public_dataset,HCP,\bHCP\b|Human Connectome,priors for a single TE were generated from the public Human Connectome Project data using a tissue-based deep learning method,full text
10.1002/mrm.28526,reference_standard,Fully sampled reference,,"coefficients _bn_ , _l_ are estimated from the central fully sampled k-space data <u>{</u> } using least-squares fitting.<sup>35</s",full text
10.1007/978-3-030-87234-2/46,pulse_sequences,DWI,\bDWI\b|diffusion[- ]weighted|\bDTI\b|\bdMRI\b|\bHARDI\b,# **Accurate Parameter Estimation in Fetal Diffusion-Weighted MRI - Learning from Fetal and Newborn Data** Davoo,full text
10.1007/978-3-030-87234-2/46,public_dataset,HCP,\bHCP\b|Human Connectome,) method [22]. The newborn scan is from the developing Human Connectome Project (dHCP) dataset [3]. Newborn subjects can be im,full text
10.1007/978-3-030-87234-2/46,public_dataset,dHCP,\bdHCP\b|developing Human Connectome,uares (WLLS) method [22]. The newborn scan is from the developing Human Connectome Project (dHCP) dataset [3]. Newborn subjects can be im,full text
10.1109/embc46164.2021.9630596,method_family,Generative (GAN/diffusion/VAE),diffusion (?:model|prior|probabilistic),able results. Synb0-DisCo has proven to reduce variation in diffusion modeling creating a synthetic b-0 image to complement the single,title+abstract
10.1109/embc46164.2021.9630596,evaluation,Pixel-wise metrics (PSNR/SSIM/NRMSE),\bMSE\b,is four image sets we then obtained the mean squared error (MSE) and mutual information (MI). We observed a diminished mean,title+abstract
10.1109/embc46164.2021.9630596,failure_modes,Artifacts (aliasing/ghosting/Gibbs),artifact,"isition times, differences in scanning methods and physical artifacts, these images must be processed by image correction algori",title+abstract
10.1109/embc46164.2021.9630596,failure_modes,Geometric / anatomical distortion,distortion correction,Evaluation of EPI Distortion Correction using Synb0-DisCo and Reversed Phase <!-- source: verbatim,title+abstract
10.1109/embc46164.2021.9630596,pulse_sequences,T1w,\bT1[- ]?w(?:eighted)?\b|\bMP-?RAGE\b|\bMP2RAGE\b|T1[- ]SPACE,"ing as inputs the distorted b0 image and an anatomical T1 weighted image. Thus, this approach allows the implementation o",full text
10.1109/embc46164.2021.9630596,pulse_sequences,DWI,\bDWI\b|diffusion[- ]weighted|\bDTI\b|\bdMRI\b|\bHARDI\b,"antos-Díaz<sup>1</sup><sup>_,_2</sup> **_Abstract_ — Diffusion weighted imaging is a widely used imaging technique for the ass",full text
10.1109/embc46164.2021.9630596,code_available,yes,(?:code|implementation) (?:is|will be|are)? ?(?:publicly |freely )?available|github\.com|gitlab\.com|zenodo,is paper can be found in the following github: https://github.com/Garmanta/LarynxCong **4026** Authorized licensed u,full text
10.1109/embc46164.2021.9630435,method_family,Generative (GAN/diffusion/VAE),\bsynthesi[sz],contrast allergies impede imaging with numerous sequences. Synthesizing images of such non acquired sequences is a challenging p,title+abstract
10.1109/embc46164.2021.9630435,method_family,Super-resolution,super[- ]?resolution,"ffice for corrupted acquisition, fast reconstruction prior, super-resolution, etc. This manuscript employed a deep convolution neural ne",title+abstract
10.1109/embc46164.2021.9630435,evaluation,Pixel-wise metrics (PSNR/SSIM/NRMSE),\bPSNR\b,"Similarity Measure (SSIM), and Peak Signal to Noise Ratio (PSNR). The Radiologist and MR physicist performed the Turing tes",title+abstract
10.1109/embc46164.2021.9630435,evaluation,Observer / reader study,radiologists?,"Measure (SSIM), and Peak Signal to Noise Ratio (PSNR). The Radiologist and MR physicist performed the Turing test with 76% accurac",title+abstract
10.1109/embc46164.2021.9630435,pulse_sequences,T1w,\bT1[- ]?w(?:eighted)?\b|\bMP-?RAGE\b|\bMP2RAGE\b|T1[- ]SPACE,"of MRI provides complementary information, such as the T1 weighted sequence delineates gray and white matter in the brain",full text
10.1109/embc46164.2021.9630435,pulse_sequences,T2w,\bT2[- ]?w(?:eighted)?\b|\bT2[- ]SPACE\b|\bTSE\b|\bFSE\b,"lineates gray and white matter in the brain, while the T2 weighted sequence delineates fluid from cortical tissue. Such m",full text
10.1109/embc46164.2021.9630435,pulse_sequences,FLAIR,\bFLAIR\b,"thesis has been proposed [9] for the reconstruction of FLAIR sequence given T1, T2, and _PD_ weighted images. Auto-",full text
10.1109/embc46164.2021.9630435,pulse_sequences,DWI,\bDWI\b|diffusion[- ]weighted|\bDTI\b|\bdMRI\b|\bHARDI\b,"image, with the objective of correcting distortion in diffusion-weighted MR image. Local patch-based search on a dictionary of",full text
10.1109/embc46164.2021.9630435,public_dataset,BraTS,\bBraTS\b,"e multimodal brain tumor image segmentation benchmark (brats),” _IEEE Trans. Med. Imaging_ , vol. 34, no. 10, pp. 1",full text
10.1007/s00234-022-03053-1,evaluation,Observer / reader study,radiologists?,"lter, and original T2 image without a filter. Two pediatric radiologists independently evaluated the following image quality paramet",title+abstract
10.1007/s00234-022-03053-1,failure_modes,Artifacts (aliasing/ghosting/Gibbs),artifact,"sharpness of gray–white matter differentiation, truncation artifact, motion artifact, cerebrospinal fluid and vascular pulsatio",title+abstract
10.1007/s00234-022-03053-1,failure_modes,Motion degradation,motion[- ](?:artifact|corrupt|degrad|induced),"of gray–white matter differentiation, truncation artifact, motion artifact, cerebrospinal fluid and vascular pulsation artifacts, and",title+abstract
10.1007/s00234-022-03053-1,pulse_sequences,T1w,\bT1[- ]?w(?:eighted)?\b|\bMP-?RAGE\b|\bMP2RAGE\b|T1[- ]SPACE,"onfirmed in other applicable 2d brain sequences (e.g., T1-weighted and FLAIR sequences). ## **Conclusion** The vendor",full text
10.1007/s00234-022-03053-1,pulse_sequences,T2w,\bT2[- ]?w(?:eighted)?\b|\bT2[- ]SPACE\b|\bTSE\b|\bFSE\b,underwent 3.0 T brain MRI were included in this study. T2-weighted brain MRI was reconstructed using the three different,full text
10.1007/s00234-022-03053-1,pulse_sequences,FLAIR,\bFLAIR\b,"r applicable 2d brain sequences (e.g., T1-weighted and FLAIR sequences). ## **Conclusion** The vendor-provided",full text
10.1007/s00234-022-03053-1,pulse_sequences,DWI,\bDWI\b|diffusion[- ]weighted|\bDTI\b|\bdMRI\b|\bHARDI\b,"u YJ, Cheon J-E, Kim I-O, Choi YH (2018) Comparison of DWI methods in the pediatric brain: PROPELLER turbo spin-e",full text
10.1002/mrm.29314,method_family,Compressed sensing / parallel imaging,\bGRAPPA\b,Improved signal-to-noise performance of MultiNet GRAPPA 1H FID MRSI reconstruction with semi-synthetic calibration,title+abstract
10.1002/mrm.29314,evaluation,Perceptual / learned metrics,\bFID\b,Improved signal-to-noise performance of MultiNet GRAPPA 1H FID MRSI reconstruction with semi-synthetic calibration data <!,title+abstract
10.1002/mrm.29314,failure_modes,Artifacts (aliasing/ghosting/Gibbs),artifact,"elerated and fully sampled metabolic maps, RMS of the lipid artifacts, and fitting reliability were compared across acceleration",title+abstract
10.1002/mrm.29314,pulse_sequences,T1w,\bT1[- ]?w(?:eighted)?\b|\bMP-?RAGE\b|\bMP2RAGE\b|T1[- ]SPACE,nd a voxel size of 0.78 × 0.78 × 10 mm<sup>3</sup> . A T1w-FFE sequence was used with a flip angle of 80<sup>◦</s,full text
10.1002/mrm.29314,reference_standard,Fully sampled reference,,"bility were compared across acceleration rates, to the fully sampled data, and with different kinds and amounts of training imag",full text
10.1016/j.jmr.2022.107301,failure_modes,Artifacts (aliasing/ghosting/Gibbs),artifact,atim from paper full text --> Bias field is one of the main artifacts that degrade the quality of magnetic resonance images. It,title+abstract
10.1016/j.jmr.2022.107301,failure_modes,Robustness / distribution shift,robust,"ng bias field and preserving image structure, and BFCNet is robust to different levels of bias field and noise.",title+abstract
10.1016/j.jmr.2022.107301,pulse_sequences,T1w,\bT1[- ]?w(?:eighted)?\b|\bMP-?RAGE\b|\bMP2RAGE\b|T1[- ]SPACE,"deep learning InhomoNet [32], experimental results on T1-weighted and T2-weighted brain images show that the proposed me",full text
10.1016/j.jmr.2022.107301,pulse_sequences,T2w,\bT2[- ]?w(?:eighted)?\b|\bT2[- ]SPACE\b|\bTSE\b|\bFSE\b,"accuracy by 4.1% and 6.8% on white and grey matter in T2-weighted brain images. Moreover, BFCNet outperforms the state-o",full text
10.1016/j.jmr.2022.107301,public_dataset,HCP,\bHCP\b|Human Connectome,the correction performance of BFCNet was evaluated on Human Connectome Project (HCP) brain images. The BFCNet was compared wi,full text
10.1117/12.2622233,method_family,Generative (GAN/diffusion/VAE),\bgenerative\b,"features by forcing NNs to exploit context information in a generative model. Here, we focus on a medical imaging application, whe",title+abstract
10.1117/12.2622233,method_family,Self-supervised / unsupervised,self[- ]supervised,Self-supervised learning in medical imaging - anomaly detection in MRI usin,title+abstract
10.1117/12.2622233,evaluation,Observer / reader study,radiologists?,"ly detection in medical imaging, thus potentially enhancing radiologists’ productivity.",title+abstract
10.1117/12.2622233,failure_modes,Hallucination / fidelity / instability,anomaly detection,Self-supervised learning in medical imaging - anomaly detection in MRI using autoencoders <!-- source: verbatim from paper,title+abstract
10.1117/12.2622233,pulse_sequences,T1w,\bT1[- ]?w(?:eighted)?\b|\bMP-?RAGE\b|\bMP2RAGE\b|T1[- ]SPACE,"le dataset of brain MR images that originally includes T1-weighted, T2-weighted, and FLAIR images, of patients with and w",full text
10.1117/12.2622233,pulse_sequences,T2w,\bT2[- ]?w(?:eighted)?\b|\bT2[- ]SPACE\b|\bTSE\b|\bFSE\b,ll dataset with only 23 training and 35 test images of T2-weighted brain MRI scans from healthy controls (training) and t,full text
10.1117/12.2622233,pulse_sequences,FLAIR,\bFLAIR\b,"that originally includes T1-weighted, T2-weighted, and FLAIR images, of patients with and without brain tumors. The",full text
10.1007/s00234-023-03212-y,method_family,Super-resolution,super[- ]?resolution,Feasibility study of super-resolution deep learning-based reconstruction <!-- source: verbatim fr,title+abstract
10.1007/s00234-023-03212-y,evaluation,Observer / reader study,radiologists?,"width at half maximum (FWHM) of the septum pellucidum. Two radiologists assessed image noise, contrast, artifacts, blur, and the ov",title+abstract
10.1007/s00234-023-03212-y,failure_modes,Artifacts (aliasing/ghosting/Gibbs),artifact,"ellucidum. Two radiologists assessed image noise, contrast, artifacts, blur, and the overall quality of three image types using",title+abstract
10.1007/s00234-023-03212-y,pulse_sequences,T1w,\bT1[- ]?w(?:eighted)?\b|\bMP-?RAGE\b|\bMP2RAGE\b|T1[- ]SPACE,"head coil. After generating scout images, we obtained T1-weighted images, T2-weighted images, **Fig. 1** Flow diagram",full text
10.1007/s00234-023-03212-y,pulse_sequences,T2w,\bT2[- ]?w(?:eighted)?\b|\bT2[- ]SPACE\b|\bTSE\b|\bFSE\b,"nerating scout images, we obtained T1-weighted images, T2-weighted images, **Fig. 1** Flow diagram of patient’s inclusi",full text
10.1007/s00234-023-03212-y,pulse_sequences,DWI,\bDWI\b|diffusion[- ]weighted|\bDTI\b|\bdMRI\b|\bHARDI\b,tation of the apparent diffusion coefficient (ADC) for diffusion-weighted images (DWI) in brain magnetic resonance imaging (MRI),full text
10.1007/s10334-023-01142-7,method_family,Compressed sensing / parallel imaging,low[- ]rank,"an time. In this work, we leveraged the benefits of Locally Low Rank (LLR) constrained reconstruction to enhance the SNR. Furthe",title+abstract
10.1007/s10334-023-01142-7,evaluation,Pixel-wise metrics (PSNR/SSIM/NRMSE),\bPSNR\b,", structural similarity index measure (SSIM), and peak SNR (PSNR). Results For 4 × under-sampled with 7 blades data, online",title+abstract
10.1007/s10334-023-01142-7,pulse_sequences,T2w,\bT2[- ]?w(?:eighted)?\b|\bT2[- ]SPACE\b|\bTSE\b|\bFSE\b,r fast-spin-echo diffusion magnetic resonance imaging (FSE-dMRI) is essential for the diagnosis of Cholesteatoma.,full text
10.1007/s10334-023-01142-7,pulse_sequences,DWI,\bDWI\b|diffusion[- ]weighted|\bDTI\b|\bdMRI\b|\bHARDI\b,st-spin-echo diffusion magnetic resonance imaging (FSE-dMRI) is essential for the diagnosis of Cholesteatoma. Howe,full text
10.1007/s10334-023-01142-7,reference_standard,Fully sampled reference,,"-rank approaches such as LORAKS [17], MUSSEL [18], and fully sampled data may be also utilized instead of image-based LLR for th",full text
10.1109/tim.2024.3481545,method_family,Physics-based / unrolled,unroll,Image Reconstruction With B0 Inhomogeneity Using a Deep Unrolled Network <!-- source: verbatim from paper full text --> MR,title+abstract
10.1109/tim.2024.3481545,evaluation,Pixel-wise metrics (PSNR/SSIM/NRMSE),\bSSIM\b,"ms of root-meansquared error (RMSE), structural similarity (SSIM), residual distortions, and computation time. Imaging resul",title+abstract
10.1109/tim.2024.3481545,failure_modes,Robustness / distribution shift,generali[sz]ation,"conventional regularization methods (30 s), and had better generalization ability than the UnUNet method. The proposed RebinNet can a",title+abstract
10.1109/tim.2024.3481545,failure_modes,Hallucination / fidelity / instability,fidelity,stems require fast image reconstruction with high geometric fidelity to localize and track tumors for radiotherapy treatments. H,title+abstract
10.1109/tim.2024.3481545,failure_modes,Geometric / anatomical distortion,geometric (?:distortion|accuracy|fidelity),I-Linac systems require fast image reconstruction with high geometric fidelity to localize and track tumors for radiotherapy treatments. H,title+abstract
10.1109/tim.2024.3481545,pulse_sequences,T1w,\bT1[- ]?w(?:eighted)?\b|\bMP-?RAGE\b|\bMP2RAGE\b|T1[- ]SPACE,"Network Training and Testing_ In this work, a public T1-weighted brain image dataset from 11 healthy volunteers was uti",full text
10.1109/tim.2024.3481545,pulse_sequences,T2w,\bT2[- ]?w(?:eighted)?\b|\bT2[- ]SPACE\b|\bTSE\b|\bFSE\b,"ase encoding direction: R/L, turbo spin echo sequence (TSE), and TE/TR = 15 ms/5.1 s. Our previously developed sp",full text
10.1109/tim.2024.3481545,reference_standard,Fully sampled reference,,"ZF, DFCS, and UnUNet methods at AFs = 2, 4, and 6. For fully sampled data, the RebinNet and the conventional/theoretical Fourier",full text
10.1109/tmi.2024.3523949,method_family,Generative (GAN/diffusion/VAE),\bcycleGAN\b,MRI Motion Correction Through Disentangled CycleGAN Based on Multi-Mask K-Space Subsampling <!-- source: verbat,title+abstract
10.1109/tmi.2024.3523949,method_family,Motion correction,motion correct,MRI Motion Correction Through Disentangled CycleGAN Based on Multi-Mask K-Spac,title+abstract
10.1109/tmi.2024.3523949,evaluation,Pixel-wise metrics (PSNR/SSIM/NRMSE),\bPSNR\b,"brain MRI with simulated motion artifacts. Correspondingly, PSNR values increased from 26.09 to 31.09 and from 25.10 to 31.7",title+abstract
10.1109/tmi.2024.3523949,evaluation,Perceptual / learned metrics,\bFID\b,"el Inception Distance (KID) and Fréchet Inception Distance (FID) metrics. Additionally, ablation experiments were conducted",title+abstract
10.1109/tmi.2024.3523949,failure_modes,Artifacts (aliasing/ghosting/Gibbs),artifact,g operator is utilized to decrease the complexity of motion artifacts by randomly discarding motion-affected k-space lines. The,title+abstract
10.1109/tmi.2024.3523949,failure_modes,Motion degradation,motion[- ](?:artifact|corrupt|degrad|induced),sampling operator is utilized to decrease the complexity of motion artifacts by randomly discarding motion-affected k-space lines. The,title+abstract
10.1109/tmi.2024.3523949,pulse_sequences,T2w,\bT2[- ]?w(?:eighted)?\b|\bT2[- ]SPACE\b|\bTSE\b|\bFSE\b,"rain), as described in [30]. Additionally, human brain T2-weighted MRI from the FastMRI public dataset [43] was utilized",full text
10.1109/tmi.2024.3523949,pulse_sequences,DWI,\bDWI\b|diffusion[- ]weighted|\bDTI\b|\bdMRI\b|\bHARDI\b,"d sensitivity by combining gadoxetic acid–enhanced and diffusion-weighted MR imaging patterns,” _Radiology_ , vol. 264, no. 3, p",full text
10.1109/tmi.2024.3523949,public_dataset,fastMRI,fastMRI,"ic acid-enhanced human liver MRI, human brain MRI from fastMRI, and preclinical rodent brain MRI. Quantitative improv",full text
10.1109/tmi.2024.3523949,reference_standard,Fully sampled reference,,rk that aims to distinguish the predicted image from a ground truth image. The GAN-based conjugate gradient SENSE (CG-SENSE) rec,full text
10.1109/tmi.2024.3523949,code_available,yes,(?:code|implementation) (?:is|will be|are)? ?(?:publicly |freely )?available|github\.com|gitlab\.com|zenodo,source code and example data are available on https://github.com/baoqingjia/DCGAN-MS. ## IV. EXPERIMENTAL RESULTS #,full text
10.1109/iccit62134.2024.10701250,method_family,Denoising,denois,Performance Evaluation of Medical Image Denoising using Convolutional Autoencoders <!-- source: verbatim f,title+abstract
10.1109/iccit62134.2024.10701250,failure_modes,Hallucination / fidelity / instability,fidelity,"ive results with PathMNIST images, demonstrating high image fidelity. However, Brain MRI Scan images show moderate denoising sug",title+abstract
10.1109/jbhi.2025.3586049,method_family,Motion correction,motion correct,necessitates reliable slice-tovolume registration (SVR) for motion correction and superresolution reconstruction (SRR) techniques. Tra,title+abstract
10.1109/jbhi.2025.3586049,method_family,Super-resolution,super[- ]?resolution,slice-tovolume registration (SVR) for motion correction and superresolution reconstruction (SRR) techniques. Traditional approaches hav,title+abstract
10.1109/jbhi.2025.3586049,method_family,Self-supervised / unsupervised,\bunsupervised\b,"in clinical fetal MRI. To address this issue, we propose an unsupervised iterative joint SVR and SRR DL framework for 3D isotropic H",title+abstract
10.1109/jbhi.2025.3586049,failure_modes,Motion degradation,motion[- ](?:artifact|corrupt|degrad|induced),otropic High-Resolution Fetal Brain MRI Reconstruction From Motion Corrupted Thick Data <!-- source: verbatim from paper full text -->,title+abstract
10.1109/jbhi.2025.3586049,pulse_sequences,T2w,\bT2[- ]?w(?:eighted)?\b|\bT2[- ]SPACE\b|\bTSE\b|\bFSE\b,on of the trained network. They trained a CNN model on T2-weighted fetal brain images to predict the 3D posesofthenewborn,full text
10.1109/jbhi.2025.3586049,pulse_sequences,DWI,\bDWI\b|diffusion[- ]weighted|\bDTI\b|\bdMRI\b|\bHARDI\b,"ffusion direction sensitive slice registration and 3-D DTI reconstruction from moving fetal brain anatomy,” _IEEE",full text
10.1109/jbhi.2025.3586049,public_dataset,HCP,\bHCP\b|Human Connectome,"the normal fetal brain development from the developing human connectome project,” _G-Node_ , vol. 10, 2023, Art. no. 2023. -",full text
10.1109/jbhi.2025.3586049,public_dataset,dHCP,\bdHCP\b|developing Human Connectome,"large and high-quality training datasets such as fetal dHCP are becoming available, these methods still face chall",full text
10.1109/jbhi.2025.3586049,reference_standard,Fully sampled reference,,ion of 0.8 mm to match the original resolutions of the ground truth images. We conducted a comparison between the reconstructed,full text
10.1109/jbhi.2025.3586049,code_available,yes,(?:code|implementation) (?:is|will be|are)? ?(?:publicly |freely )?available|github\.com|gitlab\.com|zenodo,"50002, China (e-mail: wangrongpin@126.com). The source code is available at https://github.com/DeepBMI/ SUFFICIENT. Digital Obj",full text
10.1007/s00247-025-06314-2,method_family,Compressed sensing / parallel imaging,accelerat\w*[ -](?:MRI|MR\b|imaging|acquisition|brain|volumetric|multishot|time),Accelerated brain magnetic resonance imaging with deep learning reconstructio,title+abstract
10.1007/s00247-025-06314-2,evaluation,Observer / reader study,radiologists?,"MRI), and accelerated MRI with DLR (DLA-MRI). Two pediatric radiologists independently assessed the overall image quality, sharpness",title+abstract
10.1007/s00247-025-06314-2,failure_modes,Artifacts (aliasing/ghosting/Gibbs),artifact,"ndependently assessed the overall image quality, sharpness, artifacts, noise, and lesion conspicuity. Quantitative image analysi",title+abstract
10.1007/s00247-025-06314-2,pulse_sequences,T1w,\bT1[- ]?w(?:eighted)?\b|\bMP-?RAGE\b|\bMP2RAGE\b|T1[- ]SPACE,"utional guidelines. Conventional MRI included sagittal T1-weighted imaging (T1WI), axial T1WI, axial T2-weighted imaging",full text
10.1007/s00247-025-06314-2,pulse_sequences,T2w,\bT2[- ]?w(?:eighted)?\b|\bT2[- ]SPACE\b|\bTSE\b|\bFSE\b,"sagittal T1-weighted imaging (T1WI), axial T1WI, axial T2-weighted imaging (T2WI), and axial T2-weighted fluid-attenuated",full text
10.1007/s00247-025-06314-2,pulse_sequences,FLAIR,\bFLAIR\b,"axial T2-weighted fluid-attenuated inversion-recovery (FLAIR) imaging. Additionally, accelerated MRI was performed",full text
10.1007/s00247-025-06314-2,pulse_sequences,DWI,\bDWI\b|diffusion[- ]weighted|\bDTI\b|\bdMRI\b|\bHARDI\b,ng SS et al (2022) Clinical feasibility of accelerated diffusion weighted imaging of the abdomen with deep learning reconstructi,full text
10.1007/s00247-025-06314-2,reference_standard,Fully sampled reference,,") A review on deep learning MRI reconstruction without fully sampled k-space. BMC Med Imaging 21:195 8. Lin DJ, Johnson PM, Knoll",full text
10.1109/conecct65861.2025.11306510,method_family,Generative (GAN/diffusion/VAE),\bVAE\b,Labeling-Based CBF Map Generation Using a Vector Quantized VAE <!-- source: verbatim from paper full text --> Cerebral blo,title+abstract
10.1109/conecct65861.2025.11306510,evaluation,Pixel-wise metrics (PSNR/SSIM/NRMSE),\bSSIM\b,"validation metrics, including Structural Similarity Index (SSIM), Mean Absolute Error (MAE) and Maximum Mean Discrepancy (M",title+abstract
10.1109/conecct65861.2025.11306510,failure_modes,Robustness / distribution shift,robust,learn the structural latent space effectively and helps in robust feature extraction in noisy images. A Vector Quantized Vari,title+abstract
10.1109/conecct65861.2025.11306510,pulse_sequences,T1w,\bT1[- ]?w(?:eighted)?\b|\bMP-?RAGE\b|\bMP2RAGE\b|T1[- ]SPACE,"pository (http://adni.loni.usc.edu/) with available 3D T1 weighted images, 2D PASL(Pulsed Arterial Spin Labeling) images",full text
10.1109/conecct65861.2025.11306510,public_dataset,ADNI,\bADNI\b,"ales, 55 females) from the AD Neuroimaging Initiative (ADNI) repository (http://adni.loni.usc.edu/) with available",full text
10.1109/conecct65861.2025.11306510,reference_standard,Fully sampled reference,,average absolute differences between reconstructed and ground truth images were computed by MAE [16]. Evaluating the voxelwise i,full text
10.1109/tbme.2025.3543403,method_family,Compressed sensing / parallel imaging,undersampl,"d network responsible for initial image reconstruction from undersampled multi-coil k-space data, and ii) a data-driven artifact s",title+abstract
10.1109/tbme.2025.3543403,failure_modes,Artifacts (aliasing/ghosting/Gibbs),artifact,"essitates accelerated imaging techniques. In this work, the artifact information is exploited as an important prior for CEST ima",title+abstract
10.1109/tbme.2025.3543403,failure_modes,Robustness / distribution shift,robust,cale feature fusion mechanism is developed and utilized for robust artifact estimation and artifact correction. We trained the,title+abstract
10.1109/tbme.2025.3543403,pulse_sequences,T2w,\bT2[- ]?w(?:eighted)?\b|\bT2[- ]SPACE\b|\bTSE\b|\bFSE\b,"sequences with long echo trains, like turbo spin-echo (TSE). To address this issue, a self-calibrated CEST image",full text
10.1109/tbme.2025.3543403,reference_standard,Fully sampled reference,,"ely the experimentally undersampled source images, the fully-sampled image from the CF, and the retrospectively undersampled imag",full text
10.1109/tbme.2025.3543403,code_available,yes,(?:code|implementation) (?:is|will be|are)? ?(?:publicly |freely )?available|github\.com|gitlab\.com|zenodo,nsity induced by CEST saturation. All the DEISM source code is available at https://github.com/YiZhangMRI/DEISM. **_3) Compar,full text
10.3174/ajnr.a8841,method_family,Compressed sensing / parallel imaging,compressed sensing,"sitions, in comparison with reconstructions in conventional compressed sensing and controlled aliasing in parallel imaging techniques. MAT",title+abstract
10.3174/ajnr.a8841,evaluation,Observer / reader study,radiologists?,"ruction. Image quality was independently assessed by 2 neuroradiologists by using a 5-point Likert scale, which included overall ima",title+abstract
10.3174/ajnr.a8841,failure_modes,Artifacts (aliasing/ghosting/Gibbs),artifact,"5-point Likert scale, which included overall image quality, artifacts, sharpness, structural conspicuity, and noise level. Inter",title+abstract
10.3174/ajnr.a8841,pulse_sequences,T1w,\bT1[- ]?w(?:eighted)?\b|\bMP-?RAGE\b|\bMP2RAGE\b|T1[- ]SPACE,"t 19, 2026. ## **Deep Learning Reconstruction for 7T MP2RAGE and SPACE MRI: Improving Image Quality at High Acceler",full text
10.3174/ajnr.a8841,pulse_sequences,T2w,\bT2[- ]?w(?:eighted)?\b|\bT2[- ]SPACE\b|\bTSE\b|\bFSE\b,"o of the most common clinical sequences, 3D GRE and 3D TSE, were targeted and implemented as magnetization-prepar",full text
10.3174/ajnr.a8841,pulse_sequences,FLAIR,\bFLAIR\b,patients with MP2RAGE data and 30 patients with SPACE FLAIR data. Each set of raw data was reconstructed with DL-b,full text
10.3174/ajnr.a8841,pulse_sequences,SWI,\bSWI\b|susceptibility[- ]weighted|\bQSM\b,osition in neurologic Wilson disease: insights from 7T susceptibility-weighted imaging. Neurology 2024;102:e209478 CrossRef Medline,full text
10.3174/ajnr.a8841,reference_standard,Fully sampled reference,,"/or folding artifacts. Furthermore, the acquisition of fully sampled data sets for training at the high spatial resolutions that",full text
10.1109/icicis66182.2025.11313176,method_family,Super-resolution,super[- ]?resolution,Deep Super-Resolution and Age Prediction for Brain MRI Using SRCNN <!-- source: v,title+abstract
10.1109/icicis66182.2025.11313176,evaluation,Pixel-wise metrics (PSNR/SSIM/NRMSE),\bPSNR\b,"reconstructed images achieve a peak signal-to-noise ratio (PSNR) of 30.45 dB, a mean squared error (MSE) of 0.0010, and a s",title+abstract
10.1109/icicis66182.2025.11313176,failure_modes,Robustness / distribution shift,robust,"r full text --> Magnetic Resonance Imaging (MRI) provides a robust, noninvasive method for brain assessment and the detection",title+abstract
10.1109/icicis66182.2025.11313176,failure_modes,Hallucination / fidelity / instability,fidelity,overing fine structural details and improving overall image fidelity. The reconstructed images achieve a peak signal-to-noise ra,title+abstract
10.1109/icicis66182.2025.11313176,pulse_sequences,T1w,\bT1[- ]?w(?:eighted)?\b|\bMP-?RAGE\b|\bMP2RAGE\b|T1[- ]SPACE,"on. In the first stage, axial slices extracted from 3D T1-weighted MRI volumes are super-resolved using a trained SRCNN m",full text
10.1109/icicis66182.2025.11313176,public_dataset,IXI,\bIXI\b,"olved images to estimate biological age. Tested on the IXI dataset, the model demonstrates strong predictive accu",full text
10.1109/icicis66182.2025.11313176,public_dataset,OASIS,\bOASIS\b,"from publicly available sources, including the IXI and OASIS databases. These datasets contain anonymized, de-ident",full text
10.1007/978-981-96-6957-8/25,method_family,Denoising,denois,"ten involves regression tasks, such as super resolution and denoising, where uncertainty estimation is equally important but i",title+abstract
10.1007/978-981-96-6957-8/25,method_family,Super-resolution,super[- ]?resolution,"cal image analysis often involves regression tasks, such as super resolution and denoising, where uncertainty estimation is equally impo",title+abstract
10.1007/978-981-96-6957-8/25,evaluation,Uncertainty estimation,uncertaint,Estimating Uncertainty on Deep Learning-Driven Fibre Orientation Distribution Enh,title+abstract
10.1007/978-981-96-6957-8/25,pulse_sequences,T1w,\bT1[- ]?w(?:eighted)?\b|\bMP-?RAGE\b|\bMP2RAGE\b|T1[- ]SPACE,"es for testing), was used for all the experiments. The T1-weighted and diffusion-weighted images (DWI) for each subject w",full text
10.1007/978-981-96-6957-8/25,pulse_sequences,DWI,\bDWI\b|diffusion[- ]weighted|\bDTI\b|\bdMRI\b|\bHARDI\b,Introduction** Diffusion magnetic resonance imaging (dMRI) is a non-invasive advanced imaging technique to explo,full text
10.1007/978-981-96-6957-8/25,public_dataset,HCP,\bHCP\b|Human Connectome,hancement on downstream tasks such as tractography and human connectome mapping. Current uncertainty estimation methods show p,full text
10.1016/j.mri.2025.110427,method_family,Generative (GAN/diffusion/VAE),\bsynthesi[sz],approach using artifcial intelligence-based direct contrast synthesis (AI-DCS) of the multi-contrast weighted images to improve i,title+abstract
10.1016/j.mri.2025.110427,failure_modes,Artifacts (aliasing/ghosting/Gibbs),artifact,"T1W AI-DCS had better overall image quality, reduced noise/artifacts, and better subjective SNR in 100 % (16/16) of evaluations",title+abstract
10.1016/j.mri.2025.110427,pulse_sequences,T1w,\bT1[- ]?w(?:eighted)?\b|\bMP-?RAGE\b|\bMP2RAGE\b|T1[- ]SPACE,"lay multi-echo (MDME)<br>sequence was obtained. SOC 3D T1-weighted (T1W), 2D T2-weighted (T2W) and 2D T2W fuid-attenuated",full text
10.1016/j.mri.2025.110427,pulse_sequences,T2w,\bT2[- ]?w(?:eighted)?\b|\bT2[- ]SPACE\b|\bTSE\b|\bFSE\b,"br>sequence was obtained. SOC 3D T1-weighted (T1W), 2D T2-weighted (T2W) and 2D T2W fuid-attenuated<br>inversion recovery",full text
10.1016/j.mri.2025.110427,pulse_sequences,FLAIR,\bFLAIR\b,T2W) and 2D T2W fuid-attenuated<br>inversion recovery (FLAIR) images from 35 patients were used to train a neural n,full text
10.1016/j.ejrad.2025.112289,method_family,Super-resolution,super[- ]?resolution,Impact of super-resolution deep learning-based reconstruction for hippocampal MRI <!--,title+abstract
10.1016/j.ejrad.2025.112289,evaluation,Observer / reader study,radiologists?,"t-to-noise ratio (CNR), and septum slope were analyzed. Two radiologists evaluated the images for noise, contrast, artifacts, sharpn",title+abstract
10.1016/j.ejrad.2025.112289,failure_modes,Artifacts (aliasing/ghosting/Gibbs),artifact,"Two radiologists evaluated the images for noise, contrast, artifacts, sharpness, and overall quality. Quantitative and qualitat",title+abstract
10.1016/j.ejrad.2025.112289,pulse_sequences,T1w,\bT1[- ]?w(?:eighted)?\b|\bMP-?RAGE\b|\bMP2RAGE\b|T1[- ]SPACE,"is that we did not perform a direct comparison with 3D T1-weighted sequences, which are the clinical standard for quantit",full text
10.1016/j.ejrad.2025.112289,pulse_sequences,T2w,\bT2[- ]?w(?:eighted)?\b|\bT2[- ]SPACE\b|\bTSE\b|\bFSE\b,"nstruction (SR-DLR) Image reconstruction on thin-slice T2-weighted hippocampal MR image quality using 3 T MRI, in both hu",full text
10.1016/j.ejrad.2025.112289,pulse_sequences,DWI,\bDWI\b|diffusion[- ]weighted|\bDTI\b|\bdMRI\b|\bHARDI\b,"ent [23] and for k-space based reconstruction in brain diffusion-weighted images [15], similar to the approach used in our study",full text
10.1016/j.ejrad.2025.112289,reference_standard,Conventional reconstruction comparator,,not significantly prolong the overall examination time compared to standard reconstruction methods (approximately 15 s) or DLR (approximately 30,full text
10.1016/j.jmr.2025.107898,method_family,Compressed sensing / parallel imaging,low[- ]rank,robustness to mismatched sampling rate An alternating deep low-rank approach <!-- source: verbatim from paper full text --> Und,title+abstract
10.1016/j.jmr.2025.107898,failure_modes,Artifacts (aliasing/ghosting/Gibbs),artifact,ccelerates signal acquisition at the expense of introducing artifacts. Removing these artifacts is a fundamental problem in sign,title+abstract
10.1016/j.jmr.2025.107898,failure_modes,Robustness / distribution shift,robust,Improve robustness to mismatched sampling rate An alternating deep low-ran,title+abstract
10.1016/j.jmr.2025.107898,failure_modes,Hallucination / fidelity / instability,fidelity,"nential functions, deep learning has achieved fast and high-fidelity signal reconstruction by training a mapping from the unders",title+abstract
10.1016/j.jmr.2025.107898,pulse_sequences,T1w,\bT1[- ]?w(?:eighted)?\b|\bMP-?RAGE\b|\bMP2RAGE\b|T1[- ]SPACE,ted for training and 7 subjects for testing. **Axial T1 weighted (T1w) brain** : The data was acquired using a 2D fast-,full text
10.1016/j.jmr.2025.107898,pulse_sequences,T2w,\bT2[- ]?w(?:eighted)?\b|\bT2[- ]SPACE\b|\bTSE\b|\bFSE\b,"(knee vs. brain), and contrast configurations (PDw vs. T2w), between the training and target data will heavily co",full text
10.1016/j.jmr.2025.107898,pulse_sequences,DWI,\bDWI\b|diffusion[- ]weighted|\bDTI\b|\bdMRI\b|\bHARDI\b,"nstrained reconstruction of high-resolution multi-shot diffusion weighted image, J. Magn. Reson. 312 (2020). - [43] T. Lu, X.",full text
10.1016/j.jmr.2025.107898,public_dataset,fastMRI,fastMRI,ain** : The data were obtained from the one repository fastMRI [56]. The brain dataset in fastMRI is acquired by diff,full text
10.1016/j.jmr.2025.107898,reference_standard,Fully sampled reference,,"value distribution progressively approximates that of fully sampled data. The final block of DHMF generates high-fidelity, low-",full text
10.1016/j.mri.2025.110463,method_family,Super-resolution,super[- ]?resolution,been introduced to address these limitations. Image-domain super-resolution DLR enables high resolution without additional image scans.,title+abstract
10.1016/j.mri.2025.110463,evaluation,Pixel-wise metrics (PSNR/SSIM/NRMSE),\bPSNR\b,"ment included structural similarity index (SSIM), peak SNR (PSNR), root mean square error (RMSE), and full width at half max",title+abstract
10.1016/j.mri.2025.110463,evaluation,Observer / reader study,\bLikert\b,on and image sharpness. Visual evaluation using a fve-point Likert scale was also performed to assess perceived image quality.,title+abstract
10.1016/j.mri.2025.110463,failure_modes,Artifacts (aliasing/ghosting/Gibbs),artifact,ion matrices) led to image degradation including truncation artifacts and reduced sharpness. These results clarify the optimal u,title+abstract
10.1016/j.mri.2025.110463,pulse_sequences,T1w,\bT1[- ]?w(?:eighted)?\b|\bMP-?RAGE\b|\bMP2RAGE\b|T1[- ]SPACE,"R target images were acquired in 34 examinations using T1-weighted (T1WI), T2-weighted (T2WI), diffusion-weighted (DWI),",full text
10.1016/j.mri.2025.110463,pulse_sequences,T2w,\bT2[- ]?w(?:eighted)?\b|\bT2[- ]SPACE\b|\bTSE\b|\bFSE\b,"acquired in 34 examinations using T1-weighted (T1WI), T2-weighted (T2WI), diffusion-weighted (DWI), fluidattenuated inve",full text
10.1016/j.mri.2025.110463,pulse_sequences,FLAIR,\bFLAIR\b,"on-weighted (DWI), fluidattenuated inversion recovery (FLAIR), and PD-weighted imaging (PDWI) sequences (Table 1).",full text
10.1016/j.mri.2025.110463,pulse_sequences,DWI,\bDWI\b|diffusion[- ]weighted|\bDTI\b|\bdMRI\b|\bHARDI\b,"inations using T1-weighted (T1WI), T2-weighted (T2WI), diffusion-weighted (DWI), fluidattenuated inversion recovery (FLAIR), and",full text
10.1002/mrm.30271,evaluation,Pixel-wise metrics (PSNR/SSIM/NRMSE),\bSSIM\b,> Abstract Purpose The structural similarity index measure (SSIM) has become a popular quality metric to evaluate QSM in a w,title+abstract
10.1002/mrm.30271,failure_modes,Artifacts (aliasing/ghosting/Gibbs),artifact,"agnetic tissues, resulting in biasing. In addition, extreme artifacts may compress the dynamic range, resulting in unrealistical",title+abstract
10.1002/mrm.30271,failure_modes,Robustness / distribution shift,robust,"ects on the SSIM metric applied to QSM. The XSIM metric was robust to those effects, penalizing the presence of streaking arti",title+abstract
10.1002/mrm.30271,pulse_sequences,T1w,\bT1[- ]?w(?:eighted)?\b|\bMP-?RAGE\b|\bMP2RAGE\b|T1[- ]SPACE,"were simulated using data derived from a 7T multi-echo MPRAGE<sup>34</sup> scan, and multi-echo acquisitions were fo",full text
10.1002/mrm.30271,pulse_sequences,SWI,\bSWI\b|susceptibility[- ]weighted|\bQSM\b,structural similarity index measure optimized for MRI QSM** **Carlos Milovic**<sup>**1**</sup> **Cristian Tejo,full text
10.1002/mrm.30271,reference_standard,Fully sampled reference,,"SSIM score over a defined ROI or the whole FOV. and ground-truth images, to maintain the proportionality ratio between them.",full text
10.1016/j.ejrad.2025.112497,method_family,Generative (GAN/diffusion/VAE),\bsynthesi[sz],"t-MineGAN) for high-fidelity multi-organ, multi-b-value DWI synthesis and accurate ADC restoration, addressing real-world limitat",title+abstract
10.1016/j.ejrad.2025.112497,evaluation,Pixel-wise metrics (PSNR/SSIM/NRMSE),\bPSNR\b,"bitrary b-values. Performance was evaluated using MSE, MAE, PSNR, and SSIM, and radiologist Likert ratings with ICC for synt",title+abstract
10.1016/j.ejrad.2025.112497,evaluation,Observer / reader study,radiologists?,"rformance was evaluated using MSE, MAE, PSNR, and SSIM, and radiologist Likert ratings with ICC for synthetic images at non-trained",title+abstract
10.1016/j.ejrad.2025.112497,failure_modes,Hallucination / fidelity / instability,hallucinat,"egions showed inferior image quality. Recognizing potential hallucination or distortion, further multi-center clinical validation",title+abstract
10.1016/j.ejrad.2025.112497,pulse_sequences,FLAIR,\bFLAIR\b,", Synthesis of diffusion-weighted MRI scalar maps from FLAIR volumes using generative adversarial networks, Front.",full text
10.1016/j.ejrad.2025.112497,pulse_sequences,DWI,\bDWI\b|diffusion[- ]weighted|\bDTI\b|\bdMRI\b|\bHARDI\b,lsevier.com/locate/ejrad ## Accurate multi-b-value DWI generation using two-stage deep learning: multicenter,full text
10.1016/j.ejrad.2025.112497,code_available,yes,(?:code|implementation) (?:is|will be|are)? ?(?:publicly |freely )?available|github\.com|gitlab\.com|zenodo,"gnetic resonance DWI synthesis and conversion (https://github.com/410312774/multi_b_DWI_DL), enabling the transition f",full text
10.1007/s10278-026-02059-y,method_family,Generative (GAN/diffusion/VAE),\bGANs?\b,hted MRI using the BrainGAN generative adversarial network (GAN) framework. This retrospective study included 83 patients w,title+abstract
10.1007/s10278-026-02059-y,evaluation,Pixel-wise metrics (PSNR/SSIM/NRMSE),\bPSNR\b,"similarity index measure (SSIM), peak signal-tonoise ratio (PSNR), and root mean squared error (RMSE). Qualitative evaluatio",title+abstract
10.1007/s10278-026-02059-y,evaluation,Observer / reader study,radiologists?,tion employed a visual Turing test conducted by expert neuroradiologists and repeated after 1 month. GAN losses decreased progressiv,title+abstract
10.1007/s10278-026-02059-y,evaluation,Perceptual / learned metrics,perceptual (?:metric|loss|quality|difference),s performance was evaluated using adversarial and VGG-based perceptual losses and quantitative metrics including mean squared error (MS,title+abstract
10.1007/s10278-026-02059-y,pulse_sequences,T1w,\bT1[- ]?w(?:eighted)?\b|\bMP-?RAGE\b|\bMP2RAGE\b|T1[- ]SPACE,feasibility of generating synthetic contrast-enhanced T1-weighted (CE-T1) and FLAIR (CE-FLAIR) images from noncontrast T,full text
10.1007/s10278-026-02059-y,pulse_sequences,T2w,\bT2[- ]?w(?:eighted)?\b|\bT2[- ]SPACE\b|\bTSE\b|\bFSE\b,) and FLAIR (CE-FLAIR) images from noncontrast T1- and T2-weighted MRI using the BrainGAN generative adversarial network,full text
10.1007/s10278-026-02059-y,pulse_sequences,FLAIR,\bFLAIR\b,ng synthetic contrast-enhanced T1-weighted (CE-T1) and FLAIR (CE-FLAIR) images from noncontrast T1- and T2-weighted,full text
10.1007/s10278-026-02059-y,reference_standard,Fully sampled reference,,ights representative differences between synthetic and ground-truth images. While overall anatomical Journal of Imaging Inform,full text
10.1007/s10278-026-02059-y,code_available,yes,(?:code|implementation) (?:is|will be|are)? ?(?:publicly |freely )?available|github\.com|gitlab\.com|zenodo,ct to patient confidentiality. **Code Availability** Code is available from the corresponding author upon reasonable request.,full text
10.3174/ajnr.a8992,method_family,Compressed sensing / parallel imaging,parallel imaging,ompared with a state-of-the-art wave-controlled aliasing in parallel imaging (Wave-CAIPI) accelerated 3D T1-MPRAGE for evaluating intrac,title+abstract
10.3174/ajnr.a8992,method_family,Physics-based / unrolled,data[- ]consistency,"ational networks, involved 6 iterations alternating between data consistency updates and neural network evaluation. The second step appl",title+abstract
10.3174/ajnr.a8992,method_family,Super-resolution,super[- ]?resolution,es and neural network evaluation. The second step applied a super-resolution algorithm for further image enhancement. Two independent ne,title+abstract
10.3174/ajnr.a8992,evaluation,Observer / reader study,radiologists?,"gorithm for further image enhancement. Two independent neuroradiologists conducted a blinded, randomized head-to-head comparison of",title+abstract
10.3174/ajnr.a8992,failure_modes,Artifacts (aliasing/ghosting/Gibbs),artifact,"eptomeningeal, and ependymal enhancement; sharpness; noise; artifacts; and overall diagnostic quality. A third board-certified n",title+abstract
10.3174/ajnr.a8992,pulse_sequences,T1w,\bT1[- ]?w(?:eighted)?\b|\bMP-?RAGE\b|\bMP2RAGE\b|T1[- ]SPACE,rning Accelerated versus Wave-CAIPI Postcontrast 3D T1-MPRAGE for Evaluation of Intracranial Enhancing Lesions** A,full text
10.3174/ajnr.a8992,pulse_sequences,FLAIR,\bFLAIR\b,"otocols, including susceptibility-weighted imaging, 3D FLAIR, and pre- and postcontrast T1-MPRAGE.<sup>6-9</sup> DL",full text
10.3174/ajnr.a8992,pulse_sequences,SWI,\bSWI\b|susceptibility[- ]weighted|\bQSM\b,"ated and adopted for a variety of protocols, including susceptibility-weighted imaging, 3D FLAIR, and pre- and postcontrast T1-MPRAGE",full text
10.3174/ajnr.a8992,reference_standard,Conventional reconstruction comparator,,"image resolution, while offering a 45% reduction in TA compared with standard-of-care sequences. The consistent findings across multiple studies high",full text
10.1109/icici68773.2026.11580971,method_family,Denoising,denois,Deep Learning based Denoising Framework for High-Fidelity Brain MRI Reconstruction <!-,title+abstract
10.1109/icici68773.2026.11580971,failure_modes,Hallucination / fidelity / instability,fidelity,Deep Learning based Denoising Framework for High-Fidelity Brain MRI Reconstruction <!-- source: verbatim from paper f,title+abstract
10.1109/icici68773.2026.11580971,reference_standard,Fully sampled reference,,"ixel-by-pixel terms between the denoised image and the ground truth image. In conclusion, this model can be confirmed to be high",full text
10.3174/ajnr.a9140,evaluation,Observer / reader study,\breaders?\b,"econstructed FLAIR sequence with complete agreement between readers. Six subthreshold lesions (,3 mm) were missed in 3 patients",title+abstract
10.3174/ajnr.a9140,pulse_sequences,T1w,\bT1[- ]?w(?:eighted)?\b|\bMP-?RAGE\b|\bMP2RAGE\b|T1[- ]SPACE,"and the Ref FLAIR sequences, along with DWI and 3D T1 MPRAGE sequences. When clinically required and in accordance",full text
10.3174/ajnr.a9140,pulse_sequences,T2w,\bT2[- ]?w(?:eighted)?\b|\bT2[- ]SPACE\b|\bTSE\b|\bFSE\b,n of deep learning accelerated image reconstruction in T2-weighted turbo spin-echo imaging of the brain at 7T. AJNR Am J,full text
10.3174/ajnr.a9140,pulse_sequences,FLAIR,\bFLAIR\b,"August 19, 2026. ## − **Deep Learning Accelerated 3D FLAIR Enables Reliable MS Lesion Detection** Sébastien Ver",full text
10.3174/ajnr.a9140,pulse_sequences,DWI,\bDWI\b|diffusion[- ]weighted|\bDTI\b|\bdMRI\b|\bHARDI\b,"e 3D FLAIR DLR and the Ref FLAIR sequences, along with DWI and 3D T1 MPRAGE sequences. When clinically required a",full text
10.3174/ajnr.a9097,evaluation,Observer / reader study,\breaders?\b,"l OR: 225.00 [60.00–13350.00]; all FDR-adjusted P , .001)]. Reader-wise Wilcoxon tests showed higher overall image-quality sco",title+abstract
10.3174/ajnr.a9097,failure_modes,Artifacts (aliasing/ghosting/Gibbs),artifact,"essel wall imaging (IC-VWI) at 7T, comparing image quality, artifacts, and acquisition time with the standard-of-care (SOC) T1-S",title+abstract
10.3174/ajnr.a9097,pulse_sequences,T1w,\bT1[- ]?w(?:eighted)?\b|\bMP-?RAGE\b|\bMP2RAGE\b|T1[- ]SPACE,"**Deep-Learning Accelerated Vessel Wall Imaging Using T1-SPACE at Ultra-High-Field Strength MRI** Girish Bathla, Pr",full text
10.3174/ajnr.a9097,pulse_sequences,T2w,\bT2[- ]?w(?:eighted)?\b|\bT2[- ]SPACE\b|\bTSE\b|\bFSE\b,sequences in the clinical protocol included: sagittal T2-SPACE and a sagittal precontrast T1- SPACE. The images were,full text
10.1016/j.bspc.2026.110600,method_family,Generative (GAN/diffusion/VAE),diffusion (?:model|prior|probabilistic),"s for a patient’s current state, existing single-time-point diffusion models suffer from severe ‘‘generative hallucinations’’ and low p",title+abstract
10.1016/j.bspc.2026.110600,method_family,Self-supervised / unsupervised,\bunsupervised\b,baselines and naive physical grafting methods in downstream Unsupervised Anomaly Detection (UAD) tumor segmentation proxy tasks (Dic,title+abstract
10.1016/j.bspc.2026.110600,evaluation,Pixel-wise metrics (PSNR/SSIM/NRMSE),\bSSIM\b,gh level of performance in both Normal Tissue Fidelity (NTF-SSIM = 0.928) and Growth Plausibility (GP-SSIM = 0.867). It is i,title+abstract
10.1016/j.bspc.2026.110600,failure_modes,Robustness / distribution shift,robust,y (SSGC) error). These findings validate LoDDPM as a highly robust computational framework for advancing personalized medical,title+abstract
10.1016/j.bspc.2026.110600,failure_modes,Hallucination / fidelity / instability,hallucinat,"time-point diffusion models suffer from severe ‘‘generative hallucinations’’ and low personalized fidelity, limiting their clinica",title+abstract
10.1016/j.bspc.2026.110600,pulse_sequences,T1w,\bT1[- ]?w(?:eighted)?\b|\bMP-?RAGE\b|\bMP2RAGE\b|T1[- ]SPACE,ve repair. **Fig. 2.** Representative longitudinal T1-weighted axial brain MRI scans. Panel (a) shows the historical,full text
10.1016/j.bspc.2026.110600,pulse_sequences,T2w,\bT2[- ]?w(?:eighted)?\b|\bT2[- ]SPACE\b|\bTSE\b|\bFSE\b,"cluding native (T1), post-contrast T1-weighted (T1Gd), T2-weighted (T2), and T2 Fluid Attenuated Inversion Recovery (FLAI",full text
10.1016/j.bspc.2026.110600,pulse_sequences,FLAIR,\bFLAIR\b,"hted (T2), and T2 Fluid Attenuated Inversion Recovery (FLAIR) volumes. For the specific validation of our longitudi",full text
10.1016/j.bspc.2026.110600,public_dataset,IXI,\bIXI\b,"tissue, we trained our model on the publicly available IXI dataset [35]. This dataset contains T1-weighted brain",full text
10.1016/j.bspc.2026.110600,public_dataset,BraTS,\bBraTS\b,y brain MRI images. The validation of the longitudinal BraTS-<br>Lighthouse2025 dataset demonstrates that LoDDPM ac,full text
10.3174/ajnr.a8977,method_family,Compressed sensing / parallel imaging,undersampl,023 in staggered periods. All participants underwent 4-fold undersampled 3D MPRAGE with an integrated scout accelerated motion est,title+abstract
10.3174/ajnr.a8977,method_family,Motion correction,motion correct,te a DL reconstruction method that integrates retrospective motion correction into the reconstruction pipeline for 3D T1-weighted brai,title+abstract
10.3174/ajnr.a8977,evaluation,Observer / reader study,radiologists?,lunteers. Image quality was rated by 2 board-certified neuroradiologists by using a 5-point Likert scale. Statistical analysis inclu,title+abstract
10.3174/ajnr.a8977,failure_modes,Artifacts (aliasing/ghosting/Gibbs),artifact,"tim from paper full text --> BACKGROUND AND PURPOSE: Motion artifacts remain a key limitation in brain MRI, particularly during",title+abstract
10.3174/ajnr.a8977,failure_modes,Motion degradation,motion[- ](?:artifact|corrupt|degrad|induced),": verbatim from paper full text --> BACKGROUND AND PURPOSE: Motion artifacts remain a key limitation in brain MRI, particularly during",title+abstract
10.3174/ajnr.a8977,failure_modes,Geometric / anatomical distortion,morphometr,of care methods and the proposed DL approach. Quantitative morphometric accuracy was assessed by comparing brain segmentation res,title+abstract
10.3174/ajnr.a8977,pulse_sequences,T1w,\bT1[- ]?w(?:eighted)?\b|\bMP-?RAGE\b|\bMP2RAGE\b|T1[- ]SPACE,"ion correction into the reconstruction pipeline for 3D T1-weighted brain MRI. MATERIALS AND METHODS: This prospective,",full text
10.3174/ajnr.a8977,reference_standard,Conventional reconstruction comparator,,"ual ratings showed improved scores across all criteria compared with standard reconstructions (overall image quality, 4.26 [SD, 0.72] versus 3.59 [",full text
