study_key,title,domain,AI rating,verbatim quote,AI rationale,quote verified?,rater
S221,Comprehensive quantitative image quality evaluation of compressed sens,rob_patient_selection,High,"The experiment covered 3 different brain images (transverse, sagittal, and coronal planes)","Only three purposively chosen brain images of unreported origin were evaluated, with no patient enrolment rule of any kind.",yes (exact substring),claude_preliminary
S221,Comprehensive quantitative image quality evaluation of compressed sens,rob_index_test,High,we propose a method to tune PDM so that it can selectively evaluate MR reconstruction artifacts,"Per the review rule the evaluated method is a perceptual quality index (Case-PDM), not reconstruction from undersampled k-space, and blinding of the two non-radiologist raters is not described.",yes (exact substring),claude_preliminary
S221,Comprehensive quantitative image quality evaluation of compressed sens,rob_reference_standard,Low,"by comparing to slower, full k-space, high quality reference images","Fully sampled k-space images of the same data served as the reference, an adequate ground truth for the synthetically degraded and CS-reconstructed test images.",yes (exact substring),claude_preliminary
S221,Comprehensive quantitative image quality evaluation of compressed sens,rob_flow_timing,Low,"In total, 120 test images covering a wide range of image quality were evaluated (40 test images for each of the 3 datasets)",All test images were generated retrospectively from the same reference data and all 120 were evaluated against the same reference.,yes (exact substring),claude_preliminary
S221,Comprehensive quantitative image quality evaluation of compressed sens,app_patient_selection,High,"For 3 brain images (transverse, sagittal, and coronal planes), averaged r values","No clinical population exists - just three brain images of unreported provenance rated by two lay observers, far from clinical brain-MRI practice.",yes (exact substring),claude_preliminary
S221,Comprehensive quantitative image quality evaluation of compressed sens,app_index_test,Low,Test images were reconstructed by a TV-L1 compressed sensing algorithm,"The rated images are compressed-sensing accelerated brain-MRI reconstructions and the study validates an evaluation method for them, matching the review's reconstruction-evaluation scope.",yes (exact substring),claude_preliminary
S221,Comprehensive quantitative image quality evaluation of compressed sens,app_reference_standard,Low,"as compared to slower, full k-space, high quality reference images",Benchmarking against fully sampled acquisitions matches how reconstruction fidelity is referenced in practice.,yes (exact substring),claude_preliminary
S222,Diagnostic quality assessment of compressed sensing accelerated magnet,rob_patient_selection,High,Raw k-space data were acquired from five healthy volunteers on a 3T scanner,"Five purposively recruited healthy volunteers replace any consecutive or random patient sample, giving no clinical spectrum.",yes (exact substring),claude_preliminary
S222,Diagnostic quality assessment of compressed sensing accelerated magnet,rob_index_test,Low,reconstructed images were randomly permuted and presented to the readers for blinded review,Three readers independently scored randomized blinded presentations of genuine undersampled k-space reconstructions using a pre-specified 5-point scale and per-sequence criteria.,yes (exact substring),claude_preliminary
S222,Diagnostic quality assessment of compressed sensing accelerated magnet,rob_reference_standard,Low,"Since the location of each lesion is known, it can be used as the reference for the assessment of diagnostic accuracy for the reconstructed images","Known synthetic-lesion locations give an objective diagnostic reference, and fully sampled reconstructions of the identical k-space data serve as the quality reference.",yes (exact substring),claude_preliminary
S222,Diagnostic quality assessment of compressed sensing accelerated magnet,rob_flow_timing,Low,"k-space data were retrospectively undersampled with sampling schemes appropriate for each of the reconstructions, which permitted implementation and comparison of different reconstructions on each dataset","Every reconstruction came from the same acquisitions so all images shared the same reference, with no case exclusions (only the SPGR side-by-side comparison was dropped for software reasons).",yes (exact substring),claude_preliminary
S222,Diagnostic quality assessment of compressed sensing accelerated magnet,app_patient_selection,High,This study explored the effect of CS reconstruction on specific targets on healthy volunteer images,Healthy volunteers with artificially inserted lesions do not represent the clinical patient population targeted by the review.,yes (exact substring),claude_preliminary
S222,Diagnostic quality assessment of compressed sensing accelerated magnet,app_index_test,Low,CS reconstructions were performed using an iterative stationary wavelet transform (SWT) thresholding algorithm,Combined compressed-sensing and parallel-imaging reconstruction of undersampled neuroimaging k-space directly matches the review's accelerated brain-MRI reconstruction scope.,yes (exact substring),claude_preliminary
S222,Diagnostic quality assessment of compressed sensing accelerated magnet,app_reference_standard,Low,Fully sampled k-space measurements were reconstructed using Roemer’s optimal reconstruction,"A fully sampled optimally coil-combined acquisition is the accepted practice reference, though the diagnostic-accuracy arm relied on synthetic lesion ground truth.",yes (exact substring),claude_preliminary
S225,Deep Learning Enables Reduced Gadolinium Dose for Contrast-Enhanced Br,rob_patient_selection,Unclear,the work is based on a retrospective study. A prospective trial would avoid any possible bias in case selection,"Patients were drawn retrospectively from a perfusion-preload protocol without any stated consecutive or random enrolment rule, a selection-bias risk the authors themselves acknowledge.",yes (exact substring),claude_preliminary
S225,Deep Learning Enables Reduced Gadolinium Dose for Contrast-Enhanced Br,rob_index_test,High,we trained a deep network to take the postprocessed zero-dose precontrast MRI and the 10% low-dose postcontrast CE-MRI as inputs. The output of the model approximates the full-dose postcontrast CE-MRI,"Per the review rule this is image-domain contrast-dose synthesis rather than reconstruction from undersampled k-space, although the two neuroradiologists read blinded and randomized.",yes (exact substring),claude_preliminary
S225,Deep Learning Enables Reduced Gadolinium Dose for Contrast-Enhanced Br,rob_reference_standard,High,the amount of time for contrast uptake was not controlled in our study. The reference 100% contrast dose images in this study are a combination of a delayed 10% predose and standard-delay imaging with the remaining 90% of the dose,"The full-dose reference came from a split-dose protocol with uncontrolled uptake timing and contained motion artifacts, so it may not faithfully represent a standard full-dose exam.",yes (exact substring),claude_preliminary
S225,Deep Learning Enables Reduced Gadolinium Dose for Contrast-Enhanced Br,rob_flow_timing,Low,"the IR-FSPGR sequence was obtained under three conditions: precontrast, postcontrast images with 10% low-dose (0.01mmol/kg) and 100% full-dose (0.1 mmol/kg) of gadobenate dimeglumine",Every patient received all three acquisitions in the same session and all designated test cases were analyzed as planned.,yes (exact substring),claude_preliminary
S225,Deep Learning Enables Reduced Gadolinium Dose for Contrast-Enhanced Br,app_patient_selection,Low,Sixty patients receiving clinically indicated contrast-enhanced brain MRI,Clinically indicated brain-MRI patients with diverse intracranial pathologies match the review's clinical population.,yes (exact substring),claude_preliminary
S225,Deep Learning Enables Reduced Gadolinium Dose for Contrast-Enhanced Br,app_index_test,High,The purpose of this work was to develop and validate a new DL-based technology to reduce GBCA dose levels while maintaining the image quality and contrast information of full-dose contrast images,"Gadolinium dose-reduction synthesis is neither DL nor accelerated reconstruction of undersampled brain-MRI acquisitions, so it only tangentially matches the review question.",yes (exact substring),claude_preliminary
S225,Deep Learning Enables Reduced Gadolinium Dose for Contrast-Enhanced Br,app_reference_standard,Low,Using the true 100% full-dose CE-MRI as the ground truth,True full-dose contrast-enhanced imaging is the clinical standard against which the synthesized images should be judged.,yes (exact substring),claude_preliminary
S231,Synthesize High-Quality Multi-Contrast MRI From Multi-Echo Using Multi,rob_patient_selection,High,"A total of 109 subjects were included (61 patients and 48 healthy controls, M/F 64/45",The cohort is a case-control-like mix of patients and healthy volunteers assembled without any stated consecutive or random enrolment rule.,yes (exact substring),claude_preliminary
S231,Synthesize High-Quality Multi-Contrast MRI From Multi-Echo Using Multi,rob_index_test,High,a multi-task deep learning model is developed to synthesize multi-contrast neuroimaging jointly using both signal relaxation relationships and spatial information,"Per the review rule the evaluated method is cross-contrast image synthesis from multi-echo data rather than reconstruction from undersampled k-space, despite a blinded randomized three-session reader design.",yes (exact substring),claude_preliminary
S231,Synthesize High-Quality Multi-Contrast MRI From Multi-Echo Using Multi,rob_reference_standard,High,"In this study, motion, chemical shift, flow effect, and ring artifacts are present in the dataset","The conventional-sequence ground truth itself contained motion and other artifacts and could not always be pixel-wise registered, so the motion-free reference assumption is untenable.",yes (exact substring),claude_preliminary
S231,Synthesize High-Quality Multi-Contrast MRI From Multi-Echo Using Multi,rob_flow_timing,Low,Then a Multi-Dynamic Multi-Echoes (MDME) sequence was sequentially acquired,"Reference and index acquisitions were obtained in the same session for all subjects, and all 21 randomly selected test cases received both quantitative and reader assessment.",yes (exact substring),claude_preliminary
S231,Synthesize High-Quality Multi-Contrast MRI From Multi-Echo Using Multi,app_patient_selection,Unclear,"Both quantitative and qualitative assessments were performed in the 21 test cases, which included 11 patients and 10 healthy controls","Multi-center clinical scanners and real pathology are represented, but roughly half of the evaluated cases were healthy controls rather than clinical patients.",yes (exact substring),claude_preliminary
S231,Synthesize High-Quality Multi-Contrast MRI From Multi-Echo Using Multi,app_index_test,High,This work introduces a multi-task deep learning model (MTDL) to synthesize multi-contrast imaging simultaneously,Multi-echo-to-multi-contrast synthesis does not match the review's focus on DL or accelerated reconstruction of undersampled brain-MRI acquisitions.,yes (exact substring),claude_preliminary
S231,Synthesize High-Quality Multi-Contrast MRI From Multi-Echo Using Multi,app_reference_standard,Low,"Six 2D conventional sequences including axial T1-weighted, T2-weighted, T1 and T2-FLAIR, short Tau inversion recovery (STIR), and proton density (PDw) were performed, as the reference contrast-weighted scans",Conventional contrast-weighted sequences are exactly the reference images used in clinical practice.,yes (exact substring),claude_preliminary
S236,Deep learning reconstruction in pediatric brain MRI comparison of imag,rob_patient_selection,Low,"From February 2021 to March 2021, 109 consecutive brain MR examinations in the 3.0 T brain MRI (SIGNA Premier, GE Healthcare) with axial T2-weighted sequence were used in this study",Consecutive clinical examinations over a defined period were enrolled with no apparent inappropriate exclusions.,yes (exact substring),claude_preliminary
S236,Deep learning reconstruction in pediatric brain MRI comparison of imag,rob_index_test,High,"there were noticeable differences between DLR and other reconstructions, which often allowed the blinded readers to distinguish between them","The authors concede that readers could often identify the DLR images despite attempted blinding, and randomization of presentation order is not described.",yes (exact substring),claude_preliminary
S236,Deep learning reconstruction in pediatric brain MRI comparison of imag,rob_reference_standard,Unclear,All of these lesions were annotated on the Picture Archiving and Communication System (PACS) by one radiologist (L.S.B. with 7 years of experience in radiology) prior to subsequent evaluation of lesion conspicuity,Lesion ground truth rested on a single radiologist's PACS annotations whose basis and blinding to reconstruction condition are not reported.,yes (exact substring),claude_preliminary
S236,Deep learning reconstruction in pediatric brain MRI comparison of imag,rob_flow_timing,Low,"T2-weighted brain MRI was reconstructed using the three different reconstruction modes: deep learning reconstruction, conventional reconstruction with an intensity filter, and original T2 image without a filter",All three reconstructions were generated from the same acquisition for every included examination and all were rated by both readers.,yes (exact substring),claude_preliminary
S236,Deep learning reconstruction in pediatric brain MRI comparison of imag,app_patient_selection,Low,These patients were imaged for a variety of clinical indications,A consecutive clinical pediatric brain-MRI cohort with mixed indications fits the review's clinical brain-MRI population.,yes (exact substring),claude_preliminary
S236,Deep learning reconstruction in pediatric brain MRI comparison of imag,app_index_test,Low,"The DL reconstruction pipeline uses raw _k_ -space data as its input and generates high-fidelity images with higher signal-to-noise ratio, reduced truncation artifacts, and higher spatial resolution as its output",A commercial CNN reconstruction operating on raw k-space brain-MRI data squarely matches the review's DL-reconstruction scope.,yes (exact substring),claude_preliminary
S236,Deep learning reconstruction in pediatric brain MRI comparison of imag,app_reference_standard,Low,"conventional reconstruction with intensity filter A (little sharpening, some smoothing) reconstruction, and original T2 image without a filter","The comparators are the vendor's routine clinical reconstructions of the same data, matching practice.",yes (exact substring),claude_preliminary
S240,Feasibility study of super-resolution deep learning-based reconstructi,rob_patient_selection,Unclear,The study excluded patients with either extremely poor image quality or with tumors or other lesions that could interfere with normal tissue signal measurements,"Enrolment was consecutive but scans with poor image quality or interfering lesions were excluded, and how many were removed for the quality criterion is not separately reported.",yes (exact substring),claude_preliminary
S240,Feasibility study of super-resolution deep learning-based reconstructi,rob_index_test,High,"This approach integrates three stages: deep learning for noise reduction, 3-fold scaling by zero-filling interpolation, and DL for eliminating artifacts generated by ZIP","Per the review rule this is denoising/super-resolution post-processing of fully sampled data (zero-filled interpolation adds no acquired information) rather than undersampled k-space reconstruction, and the 684 vs 228 matrix makes reader blinding implausible.",yes (exact substring),claude_preliminary
S240,Feasibility study of super-resolution deep learning-based reconstructi,rob_reference_standard,Unclear,"The DWIs underwent reconstruction both with and without the preliminary iteration of SR-DLR (PIQE, Canon Medical Systems), utilizing identical scanning data","No independent high-resolution ground truth exists - the only reference is the conventional reconstruction of the same acquisition, so super-resolution fidelity cannot be verified.",yes (exact substring),claude_preliminary
S240,Feasibility study of super-resolution deep learning-based reconstructi,rob_flow_timing,Low,All image assessments were conducted successfully for these patients,"Both reconstructions were produced from identical same-session acquisitions and all 34 included patients were fully analyzed, with the two exclusions accounted for in the flow.",yes (exact substring),claude_preliminary
S240,Feasibility study of super-resolution deep learning-based reconstructi,app_patient_selection,Low,The study cohort included patients with brain contusion,"A consecutive single-center clinical cohort with mixed neurological indications matches the review's clinical brain-MRI population, though 41% were normal studies.",yes (exact substring),claude_preliminary
S240,Feasibility study of super-resolution deep learning-based reconstructi,app_index_test,Unclear,"a SR-DLR method, which utilizes the preconversion data in k-space and integrates two distinct DL methods, could potentially enhance the image quality of brain DWI","The vendor DL pipeline ingests k-space data but performs resolution upscaling of fully sampled scans rather than accelerated or undersampled reconstruction, only partially matching the review question.",yes (exact substring),claude_preliminary
S240,Feasibility study of super-resolution deep learning-based reconstructi,app_reference_standard,Low,DWI was reconstructed with SR-DLR (Matrix = 684 × 684) and without SR-DLR (Matrix = 228 × 228),"The comparator is the standard clinical DWI reconstruction, matching routine practice.",yes (exact substring),claude_preliminary
S243,MRI Motion Correction Through Disentangled CycleGAN Based on Multi-Mas,rob_patient_selection,High,"Of the 308 examinations containing artifacts, we utilized 50 with grade 2 to 5 motion artifacts and 58 without artifacts as a training dataset.","Examinations were purposively partitioned by presence and grade of motion artifacts rather than enrolled consecutively or randomly, an artifact-enriched case-control-like selection.",yes (exact substring),claude_preliminary
S243,MRI Motion Correction Through Disentangled CycleGAN Based on Multi-Mas,rob_index_test,High,"By reformulating motion correction as an image domain translation task, the network reconstructs motion-free images from multi-mask subsampled, motion-corrupted inputs.","The evaluated method is image-domain post-processing (retrospective GAN motion-artifact correction via domain translation), not reconstruction from undersampled k-space, triggering the review's High rule, and blinding of the two radiologists to correction method is not reported.",yes (exact substring),claude_preliminary
S243,MRI Motion Correction Through Disentangled CycleGAN Based on Multi-Mas,rob_reference_standard,Unclear,"For the clinical human liver MRI, 58 motion-free subjects were selected as the ground truth.","Simulated-artifact evaluations use motion-free images as ground truth, but real-artifact data have no patient-level reference (only KID/FID distribution metrics) and blinded reference interpretation is not described.",yes (exact substring),claude_preliminary
S243,MRI Motion Correction Through Disentangled CycleGAN Based on Multi-Mas,rob_flow_timing,Unclear,The remaining 258 examinations with artifacts were used as a testset.,"Corrected and uncorrected images derive from the same acquisitions, but which subset of the 258 test examinations underwent the radiologists' Likert assessment is not clearly reported.",yes (exact substring),claude_preliminary
S243,MRI Motion Correction Through Disentangled CycleGAN Based on Multi-Mas,app_patient_selection,High,"Additionally, human brain T2-weighted MRI from the FastMRI public dataset [43] was utilized to further validate the generalizability of the proposed method.","The clinical cohort and the entire reader assessment concern gadoxetic acid-enhanced liver MRI; the only human brain data are public fastMRI images with simulated artifacts, mismatching the review's clinical brain MRI population.",yes (exact substring),claude_preliminary
S243,MRI Motion Correction Through Disentangled CycleGAN Based on Multi-Mas,app_index_test,High,"This work proposes a new retrospective motion correction method, termed DCGAN-MS, which employs disentangled CycleGAN based on multi-mask k-space subsampling (DCGAN-MS) to address the image domain translation challenge.",A retrospective CycleGAN motion-artifact correction method is not DL reconstruction of accelerated/undersampled brain MRI as defined by the review question.,yes (exact substring),claude_preliminary
S243,MRI Motion Correction Through Disentangled CycleGAN Based on Multi-Mas,app_reference_standard,High,"Artifact simulation was performed by introducing phase errors to the k-space data, following the methods in [24] and [40].",Simulated phase-error corruption of motion-free images and distributional similarity metrics do not correspond to any reference standard used in clinical practice.,yes (exact substring),claude_preliminary
S246,Accelerated brain magnetic resonance imaging with deep learning recons,rob_patient_selection,Low,"Between January 2021 and April 2021, 147 consecutive pediatric participants underwent routine diagnostic brain MRI","Consecutive enrolment over a defined period with pre-specified, justified exclusions (24 DLR fine-tuning exams, 7 missing sequences) minimizes selection bias.",yes (exact substring),claude_preliminary
S246,Accelerated brain magnetic resonance imaging with deep learning recons,rob_index_test,Low,The readers were presented with the MRI sequences randomly and blinded to the protocol details and participant identifiers.,"Two independent pediatric radiologists rated randomized, blinded presentations on a pre-specified 5-point Likert scale, with only residual risk that reconstruction appearance was recognizable.",yes (exact substring),claude_preliminary
S246,Accelerated brain magnetic resonance imaging with deep learning recons,rob_reference_standard,Low,"conventional MRI with and without DLR (DLC-MRI and C-MRI, respectively)","The same-session conventional acquisition (C-MRI) served as the reference and was read under the same blinded randomized conditions, though lesion ground truth beyond conventional imaging was not separately adjudicated.",yes (exact substring),claude_preliminary
S246,Accelerated brain magnetic resonance imaging with deep learning recons,rob_flow_timing,Low,"Additionally, seven participants with missing sequences were excluded, resulting in a final inclusion of 116 participants.","All 116 included participants underwent all three reconstructions in the same examination and all were analyzed, with exclusions fully accounted for.",yes (exact substring),claude_preliminary
S246,Accelerated brain magnetic resonance imaging with deep learning recons,app_patient_selection,Low,"This study included 116 participants (62 boys and 54 girls; mean age ± SD, 7.9 ± 5.4 years).","Consecutive clinical pediatric patients undergoing routine diagnostic brain MRI across diverse indications (tumors, headache, developmental delay) match the review's clinical brain MRI population.",yes (exact substring),claude_preliminary
S246,Accelerated brain magnetic resonance imaging with deep learning recons,app_index_test,Low,"accelerated brain MRI using commercially available k-space-based DLR (AIR™ Recon DL; GE Healthcare, Waukesha, WI)",A commercial k-space-based deep learning reconstruction applied to accelerated brain MRI acquisition directly matches the review's index test.,yes (exact substring),claude_preliminary
S246,Accelerated brain magnetic resonance imaging with deep learning recons,app_reference_standard,Low,"Conventional MRI included sagittal T1-weighted imaging (T1WI), axial T1WI, axial T2-weighted imaging (T2WI), and axial T2-weighted fluid-attenuated inversion-recovery (FLAIR) imaging.","The reference is the routine standard-of-care conventional brain MRI protocol, matching clinical practice.",yes (exact substring),claude_preliminary
S248,Deep Learning Reconstruction for 7T MP2RAGE and SPACE MRI - Improving ,rob_patient_selection,Low,"A total of 60 consecutive adult patients were enrolled, all of whom were clinically referred for brain scans utilizing 7T MRI between June 2024 and October 2024.","Consecutive enrolment of clinically referred patients with an explicit, narrow exclusion rule (pathology within quantitative ROIs) limits selection bias.",yes (exact substring),claude_preliminary
S248,Deep Learning Reconstruction for 7T MP2RAGE and SPACE MRI - Improving ,rob_index_test,Low,"Images were presented in a random order, and readers were blinded to demographic data and the reconstruction method.",Two independent readers used a pre-specified 5-point Likert scale with randomized presentation and blinding to reconstruction method for a DL reconstruction of undersampled k-space.,yes (exact substring),claude_preliminary
S248,Deep Learning Reconstruction for 7T MP2RAGE and SPACE MRI - Improving ,rob_reference_standard,Low,the same raw k-space data were utilized to retrospectively reconstruct both the conventional and DL-based images,"The reference (conventional CS/CAIPIRINHA reconstruction of the identical k-space) was interpreted under the same blinded conditions, and a fully sampled 7T reference is acknowledged as infeasible.",yes (exact substring),claude_preliminary
S248,Deep Learning Reconstruction for 7T MP2RAGE and SPACE MRI - Improving ,rob_flow_timing,Low,Each set of raw data was reconstructed with DL-based reconstruction and conventional reconstruction.,All 60 patients' identical raw data received both reconstructions and all were included in the qualitative and quantitative analyses.,yes (exact substring),claude_preliminary
S248,Deep Learning Reconstruction for 7T MP2RAGE and SPACE MRI - Improving ,app_patient_selection,Low,This study was a retrospective evaluation of images acquired in a consecutive cohort of clinical patients who underwent 7T brain MRI for any indication,"Clinically referred adult brain MRI patients match the review population, with the minor caveat that 7T ultra-high-field is a less routine setting.",yes (exact substring),claude_preliminary
S248,Deep Learning Reconstruction for 7T MP2RAGE and SPACE MRI - Improving ,app_index_test,Low,This study provides validation of a prototype 7T DL-based k-space reconstruction applied to 3D MP2RAGE and SPACE FLAIR sequences.,A variational-network DL reconstruction of undersampled k-space at high acceleration factors directly matches the review's index test.,yes (exact substring),claude_preliminary
S248,Deep Learning Reconstruction for 7T MP2RAGE and SPACE MRI - Improving ,app_reference_standard,Low,"Conventional ground truth reconstruction was performed for both MP2RAGE and SPACE acquisitions by using CS and CAIPIRINHA, respectively.","CS and CAIPIRINHA reconstructions are the current clinical standard for these 7T sequences, so the reference matches practice.",yes (exact substring),claude_preliminary
S252,Evaluation of synthetic images derived from a neural network in pediat,rob_patient_selection,Unclear,Pediatric patients scheduled to undergo outpatient clinical brain MRI examinations at Cincinnati Children's Hospital Medical Center were recruited by telephone prior to the day of exam.,Recruitment was a consent-based telephone convenience sample and the rule allocating only 8 of 50 enrolled patients to the reader-evaluated test set is not stated.,yes (exact substring),claude_preliminary
S252,Evaluation of synthetic images derived from a neural network in pediat,rob_index_test,High,Another limitation is the lack of blinding of the radiologists to the sequence that was being viewed when comparing images,"The evaluated AI-DCS method is cross-contrast synthesis from MDME images rather than reconstruction from undersampled k-space (review High rule), and the authors acknowledge readers were unblinded to method during side-by-side comparison.",yes (exact substring),claude_preliminary
S252,Evaluation of synthetic images derived from a neural network in pediat,rob_reference_standard,High,Comparisons were made by scrolling through the images of corresponding sequences side-by-side.,"The SOC reference images were interpreted side-by-side with the synthetic images by readers who could identify each method, so reference interpretation was not independent or blind.",yes (exact substring),claude_preliminary
S252,Evaluation of synthetic images derived from a neural network in pediat,rob_flow_timing,Unclear,The remaining 3 datasets were excluded because of excessive motion artifacts in SOC images and/or MDME images.,"All test patients had same-session SOC references, but only 8 of 50 enrolled patients reached reader evaluation after training/validation allocation and motion exclusions.",yes (exact substring),claude_preliminary
S252,Evaluation of synthetic images derived from a neural network in pediat,app_patient_selection,Low,patients ages 2 18 years scheduled for routine non-contrast brain MRIs without anticipated need for sedation or anesthesia,"Clinical pediatric patients undergoing routine brain MRI (half with pathology or variants in the test set) match the review's clinical brain MRI population, albeit restricted to non-sedated outpatients.",yes (exact substring),claude_preliminary
S252,Evaluation of synthetic images derived from a neural network in pediat,app_index_test,High,Direct contrast synthesis using artificial intelligence (AI-DCS) enables the derivation of synthetic contrast weighted images from a trained neural network,"Direct contrast synthesis of T1W/T2W/FLAIR from an MDME acquisition is cross-contrast synthesis, not DL reconstruction of accelerated/undersampled brain MRI as defined by the review.",yes (exact substring),claude_preliminary
S252,Evaluation of synthetic images derived from a neural network in pediat,app_reference_standard,Low,"In addition to the SOC protocol, which included sagittal 3D T1W, axial T2W and axial FLAIR images, a multi-delay, multi-echo (MDME; 4 saturation delay times and 2 echoes) sequence was obtained","Same-session standard-of-care conventional sequences served as the comparison reference, matching clinical practice.",yes (exact substring),claude_preliminary
S253,Impact of super-resolution deep learning-based reconstruction for hipp,rob_patient_selection,High,All volunteers were confirmed to be healthy with no history of neurological disease or signs of cognitive decline.,"Only 13 healthy volunteers (12 men) were imaged, a purposive non-clinical sample with no disease spectrum and no patient enrolment rule.",yes (exact substring),claude_preliminary
S253,Impact of super-resolution deep learning-based reconstruction for hipp,rob_index_test,High,"Initially, a neural network reduces noise in combined coil images, like the DLR available in the market","SR-DLR operates on combined coil images with zero-padding interpolation (acceleration factor 1, no undersampled k-space reconstruction), so the review's image-domain post-processing High rule applies despite blinded randomized ranking of the five reconstructions.",yes (exact substring),claude_preliminary
S253,Impact of super-resolution deep learning-based reconstruction for hipp,rob_reference_standard,Low,"For the high-resolution protocol, the scan time was 11 min and 48 s, with a matrix of 960 × 960, resulting in a resolution of 0.15 mm × 0.15 mm.","An actually acquired matched high-resolution acquisition served as reference and was ranked within the same blinded evaluation, though its own motion sensitivity over 11:48 is not examined.",yes (exact substring),claude_preliminary
S253,Impact of super-resolution deep learning-based reconstruction for hipp,rob_flow_timing,Low,Two different resolutions were used for the acquisition of coronal T2WI of the hippocampus: a standard resolution and a high resolution.,"Every volunteer underwent both acquisitions and all five reconstructions, and all 13 were included in the quantitative and qualitative analyses.",yes (exact substring),claude_preliminary
S253,Impact of super-resolution deep learning-based reconstruction for hipp,app_patient_selection,High,This was a prospective study designed as a volunteer-based investigation to evaluate the imaging characteristics of the hippocampus in coronal T2-weighted imaging (T2WI) using a 3 Tesla MRI system.,Healthy volunteers without neurological disease do not represent the clinical patient population of the review question.,yes (exact substring),claude_preliminary
S253,Impact of super-resolution deep learning-based reconstruction for hipp,app_index_test,High,SR-DLR leverages the power of deep learning to enhance the resolution of MRI without an increase in image noise or scan time.,Super-resolution post-processing of fully sampled standard-resolution images differs from the review's index test of DL reconstruction for accelerated/undersampled brain MRI.,yes (exact substring),claude_preliminary
S253,Impact of super-resolution deep learning-based reconstruction for hipp,app_reference_standard,Low,"we generated five different types of images: two using normal resolution data (320 × 320), one employing DLR (DLR) and one without it (Original)","Comparators include the conventional standard-resolution acquisition used in routine practice plus a genuine high-resolution acquisition, so the reference reflects real acquisitions.",yes (exact substring),claude_preliminary
S255,Verification of resolution and imaging time for high-resolution deep l,rob_patient_selection,Unclear,"The study included eight patients (four males and four females, with a mean age of 52 ± 18 years) who underwent brain MRI between April 2024 and July 2024.","How the eight patients were selected (consecutive, random, or convenience) is not stated.",yes (exact substring),claude_preliminary
S255,Verification of resolution and imaging time for high-resolution deep l,rob_index_test,High,"PIQE is an image-domain deep-learning method, in contrast to k-space-based techniques such as AIR Recon DL or Deep Resolve.","The evaluated PIQE is explicitly image-domain super-resolution post-processing (review High rule), and reader blinding, presentation randomization, and the use of a radiologic technologist as one of the two raters further weaken the index test assessment.",yes (exact substring),claude_preliminary
S255,Verification of resolution and imaging time for high-resolution deep l,rob_reference_standard,Unclear,Pairs of images with the same matrix number of PIQE images (zoom ratio ×2 or 3) and the original images were evaluated.,"Full-resolution original acquisitions are an adequate reference, but whether the visual comparisons were interpreted blind to reconstruction condition is not reported.",yes (exact substring),claude_preliminary
S255,Verification of resolution and imaging time for high-resolution deep l,rob_flow_timing,Low,A single scan was performed per condition for clinical imaging.,Each patient was scanned under both matrix conditions within the same standard clinical protocol and all eight were included in the paired analyses.,yes (exact substring),claude_preliminary
S255,Verification of resolution and imaging time for high-resolution deep l,app_patient_selection,Unclear,designed as a technical and physical evaluation of a superresolution DLR method and included eight clinical follow-up cases,"The clinical brain MRI cases nominally match the review population, but this phantom-focused study reports no indications, pathology, or spectrum for the eight patients.",yes (exact substring),claude_preliminary
S255,Verification of resolution and imaging time for high-resolution deep l,app_index_test,High,"The image domain-based method (i.e., PIQE) enables the acquisition of high-resolution images solely through postprocessing, without the need for additional scans.","Vendor image-domain super-resolution post-processing does not match the review's index test of DL reconstruction from undersampled k-space, even though it is used to shorten scan time.",yes (exact substring),claude_preliminary
S255,Verification of resolution and imaging time for high-resolution deep l,app_reference_standard,Low,This setting was adopted as the standard for the condition of brain routine at our institution and compared against conventional images acquired at 576 × 576,"The reference is a conventionally acquired full-resolution T2-weighted acquisition, consistent with conventional imaging practice.",yes (exact substring),claude_preliminary
S257,Accurate multi-b-value DWI generation using two-stage deep learning mu,rob_patient_selection,High,Imaging results are negative or include a primary lesion with a minimum diameter greater than 10 mm,"Retrospective multicentre image pooling included only negative scans or lesions larger than 10 mm and excluded artifact-affected acquisitions, with no consecutive or random sampling rule reported.",yes (exact substring),claude_preliminary
S257,Accurate multi-b-value DWI generation using two-stage deep learning mu,rob_index_test,High,This experiment proposes a two-stage strategy to systematically achieve multi-site magnetic resonance DWI synthesis and conversion,"Per this review's rule the index test is image-domain cross-b-value GAN synthesis rather than reconstruction from undersampled k-space, so the domain is rated High.",yes (exact substring),claude_preliminary
S257,Accurate multi-b-value DWI generation using two-stage deep learning mu,rob_reference_standard,High,"a subjective evaluation was performed for non-trained target b-values (b = 75, b = 850): two radiologists with over five years of diagnostic experience","The radiologist ratings addressed synthetic images at b-values (75, 850) that were never acquired, so no ground-truth acquisition served as a reference for the reader assessment.",yes (exact substring),claude_preliminary
S257,Accurate multi-b-value DWI generation using two-stage deep learning mu,rob_flow_timing,Unclear,"120 sDWI images from the test set (brain, liver, prostate, uterus, breast, and thyroid, 20 images each)",Only 120 images (20 per region) from the test set underwent reader evaluation and the method for selecting this subset is not reported.,yes (exact substring),claude_preliminary
S257,Accurate multi-b-value DWI generation using two-stage deep learning mu,app_patient_selection,High,"In our study, DWI images of the head, breast, abdomen, neck, and pelvis were acquired","Brain is only one of five anatomical regions in a predominantly non-brain multi-organ dataset, so the population only partially matches the brain-MRI review question.",yes (exact substring),claude_preliminary
S257,Accurate multi-b-value DWI generation using two-stage deep learning mu,app_index_test,High,"the final system can synthesize accurate and consistent DWI images across both training and clinically relevant arbitrary b-values (e.g., b = 75, 850)","Arbitrary-b-value DWI synthesis is a generative image-translation task, not the DL-accelerated reconstruction of undersampled brain MRI targeted by the review.",yes (exact substring),claude_preliminary
S257,Accurate multi-b-value DWI generation using two-stage deep learning mu,app_reference_standard,Low,"To ensure comparability between real DWI and synthetic DWI, we calculated ADC using a completely consistent monoexponential model fitting process on both","Where a reference exists it is the actually acquired DWI with identical monoexponential ADC fitting, which matches clinical quantitative practice.",yes (exact substring),claude_preliminary
S258,BrainGAN Framework for Generating Synthetic Contrast-Enhanced Multiseq,rob_patient_selection,High,the retrospective design may introduce selection bias and restrict reproducibility across heterogeneous clinical settings,"Single-centre retrospective selection excluded solitary lesions under 2 mm and poor-quality scans without any stated consecutive or random sampling, a risk the authors themselves acknowledge.",yes (exact substring),claude_preliminary
S258,BrainGAN Framework for Generating Synthetic Contrast-Enhanced Multiseq,rob_index_test,High,This study investigated the technical feasibility of generating synthetic contrast-enhanced T1-weighted (CE-T1) and FLAIR (CE-FLAIR) images from noncontrast T1- and T2-weighted MRI,"Per this review's rule the index test is cross-contrast synthesis of contrast-enhanced images from noncontrast T1/T2 inputs, not reconstruction from undersampled k-space, so the domain is rated High.",yes (exact substring),claude_preliminary
S258,BrainGAN Framework for Generating Synthetic Contrast-Enhanced Multiseq,rob_reference_standard,High,"However, the use of only JPEG images could potentially affect density scaling and detail resolution.","The ground-truth contrast-enhanced images were stored and processed as lossy JPEGs rather than DICOM, degrading the reference, and no lesion-level false-negative analysis was performed.",yes (exact substring),claude_preliminary
S258,BrainGAN Framework for Generating Synthetic Contrast-Enhanced Multiseq,rob_flow_timing,Unclear,"Images from 25 randomly selected participants were included, comprising CE-T1 images from 15 participants and CE-FLAIR images from 10 participants.","The visual Turing test used 15 CE-T1 participants although the held-out T1 test split contained only 8, and the data split from which reader-test images were drawn is not stated.",yes (exact substring),claude_preliminary
S258,BrainGAN Framework for Generating Synthetic Contrast-Enhanced Multiseq,app_patient_selection,Low,This retrospective study included brain MRI scans acquired between January 2023 and April 2025 using a 3.0 Tesla (3 T) scanner,Adults undergoing clinical 3T brain MRI for brain metastases match the review's clinical brain-MRI population.,yes (exact substring),claude_preliminary
S258,BrainGAN Framework for Generating Synthetic Contrast-Enhanced Multiseq,app_index_test,High,"A GAN framework, referred to as BrainGAN, was developed to synthesize CE-MRI from high-resolution (1980 × 1024 pixels) noncontrast brain MRI in patients with BM",GAN-based contrast synthesis from fully noncontrast images falls outside the review's target of DL-accelerated reconstruction of undersampled brain MRI.,yes (exact substring),claude_preliminary
S258,BrainGAN Framework for Generating Synthetic Contrast-Enhanced Multiseq,app_reference_standard,Low,"A random GBCA (gadobutrol [Gadovist, Bayer] or gadoterate meglumine [Dotarem, Guerbet]) was administered (0.1 mmol/kg, 2.5 mL/s).",The comparator is standard-dose gadolinium-enhanced CE-T1 and CE-FLAIR imaging acquired per routine clinical protocol.,yes (exact substring),claude_preliminary
S259,Clinical Validation of Deep Learning-Accelerated versus Wave-CAIPI Pos,rob_patient_selection,Low,"From October to December 2023, 115 consecutive adult patients undergoing brain MRI with and without contrast on 3T MRI scanners (Magnetom Vida, Siemens Healthineers) were recruited in an outpatient setting.",Consecutive adult outpatients were prospectively recruited over a defined three-month window with prespecified inclusion and exclusion criteria.,yes (exact substring),claude_preliminary
S259,Clinical Validation of Deep Learning-Accelerated versus Wave-CAIPI Pos,rob_index_test,Low,"Two independent neuroradiologists with 13 and 6 years of experience, respectively, conducted a blinded, randomized head-tohead comparison of the 2 sequences.","Readers were blinded on anonymized images with randomized presentation and a previously published prespecified scale, with third-reader adjudication of discrepancies.",yes (exact substring),claude_preliminary
S259,Clinical Validation of Deep Learning-Accelerated versus Wave-CAIPI Pos,rob_reference_standard,High,demonstrated noninferior image quality compared with the clinically validated Wave-CAIPI T1-MPRAGE accelerated sequence,"The comparator is itself a highly accelerated Wave-CAIPI sequence with identical 2:11-minute acquisition time rather than a fully sampled conventional MPRAGE, and no independent standard verified lesion status.",yes (exact substring),claude_preliminary
S259,Clinical Validation of Deep Learning-Accelerated versus Wave-CAIPI Pos,rob_flow_timing,Low,"One hundred fifteen patients (68 women/47 men, mean age: 54 6 10 years) were recruited.",Both sequences were acquired within the same examination for every patient and all 115 recruited patients were included in the head-to-head analysis.,yes (exact substring),claude_preliminary
S259,Clinical Validation of Deep Learning-Accelerated versus Wave-CAIPI Pos,app_patient_selection,Low,"The inclusion criteria were referrals for outpatient brain MRI for evaluation of brain tumors and metastases, infectious/inflammatory disease, and other conditions requiring 3D postcontrast T1-weighted imaging.",Adult outpatients undergoing routine contrast-enhanced brain MRI for diverse indications match the review's clinical brain-MRI population.,yes (exact substring),claude_preliminary
S259,Clinical Validation of Deep Learning-Accelerated versus Wave-CAIPI Pos,app_index_test,Low,"The first step, inspired by variational networks, involved 6 iterations alternating between data consistency updates and neural network evaluation.","The index test is an unrolled variational-network reconstruction of undersampled k-space (plus super-resolution) for accelerated 3D brain MRI, matching the review question.",yes (exact substring),claude_preliminary
S259,Clinical Validation of Deep Learning-Accelerated versus Wave-CAIPI Pos,app_reference_standard,Unclear,a WaveCAIPI MPRAGE sequence that has been validated and implemented at our institution,The reference reflects a single institution's accelerated Wave-CAIPI standard of care rather than the conventional fully sampled MPRAGE used in wider practice.,yes (exact substring),claude_preliminary
S261,Deep Learning-Accelerated 3D FLAIR Enables Reliable MS Lesion Detectio,rob_patient_selection,Low,A total of 76 patients were consecutively included between September 2023 and February 2024. None were excluded from the study.,All adult MS patients scheduled for follow-up brain MRI were consecutively included over the study period with none excluded.,yes (exact substring),claude_preliminary
S261,Deep Learning-Accelerated 3D FLAIR Enables Reliable MS Lesion Detectio,rob_index_test,Low,"All examinations were anonymized and randomized before assessment. The analysis was performed independently by 2 blinded radiologists, 1 junior and 1 neuroradiologist with expertise in MS (8 years of experience).",Examinations were anonymized and randomized and two blinded radiologists rated images independently on a prespecified 5-point Likert scale.,yes (exact substring),claude_preliminary
S261,Deep Learning-Accelerated 3D FLAIR Enables Reliable MS Lesion Detectio,rob_reference_standard,Unclear,both radiologists separately reviewed the Ref and FLAIR DLR sequences side by side,"The conventional FLAIR is an adequate comparator, but lesion discrepancies were adjudicated by side-by-side reading of both sequences without independent lesion-level annotation, so reference interpretation was not blind to the index test.",yes (exact substring),claude_preliminary
S261,Deep Learning-Accelerated 3D FLAIR Enables Reliable MS Lesion Detectio,rob_flow_timing,Low,All analyses were performed on complete cases because no missing data were observed.,"Every patient underwent both sequences in the same session, all 76 consecutive patients were analyzed, and no missing data occurred.",yes (exact substring),claude_preliminary
S261,Deep Learning-Accelerated 3D FLAIR Enables Reliable MS Lesion Detectio,app_patient_selection,Low,including all patients 18 year of age or older with a confirmed diagnosis of MS and scheduled for brain MRI as part of their clinical follow-up,Adults with confirmed MS undergoing routine clinical follow-up brain MRI directly match the review's clinical brain-MRI population.,yes (exact substring),claude_preliminary
S261,Deep Learning-Accelerated 3D FLAIR Enables Reliable MS Lesion Detectio,app_index_test,Low,This network takes undersampled k-space data and precomputed coil sensitivity maps as input and iteratively generates images through alternating steps of data consistency—based on parallel imaging—and neural network–driven image enhancement.,"The index test reconstructs undersampled k-space with an unrolled variational network for accelerated 3D FLAIR, squarely within the review's scope.",yes (exact substring),claude_preliminary
S261,Deep Learning-Accelerated 3D FLAIR Enables Reliable MS Lesion Detectio,app_reference_standard,Low,with the same spatial resolution and technical parameters as the reference sequence (Ref FLAIR),"The reference is the conventional clinical 3D FLAIR sequence with identical spatial and contrast parameters, matching routine MS imaging practice.",yes (exact substring),claude_preliminary
S262,Deep-Learning Accelerated Vessel Wall Imaging Using T1-SPACE at Ultra-,rob_patient_selection,Low,"A PACS-based query was performed to retrieve all cases of IC-VWI performed on the 7T MRI system between March 1, 2025, and July 31, 2025.",Enrolment was defined by a complete PACS query of all 7T vessel-wall studies within a five-month window rather than purposive selection.,yes (exact substring),claude_preliminary
S262,Deep-Learning Accelerated Vessel Wall Imaging Using T1-SPACE at Ultra-,rob_index_test,Low,Both readers were blinded to clinical information and to the identity of the imaging sequence.,"Readers were blinded to sequence identity and clinical information, presentation order was randomized, and prespecified 4-point Likert criteria were used.",yes (exact substring),claude_preliminary
S262,Deep-Learning Accelerated Vessel Wall Imaging Using T1-SPACE at Ultra-,rob_reference_standard,Low,besides a product postcontrast T1-weighted SPACE (T1-SPACESOC),The comparator is the commercial product standard-of-care T1-SPACE acquired in the same session and read under identical blinded conditions.,yes (exact substring),claude_preliminary
S262,Deep-Learning Accelerated Vessel Wall Imaging Using T1-SPACE at Ultra-,rob_flow_timing,Unclear,"Out of these, 6 were excluded because of considerable motion, and 4 did not have the T1-SPACEDL sequence performed",Ten of 46 eligible patients (22%) were excluded for motion or a missing index sequence and 28 pathology-affected or hypoplastic segment pairs were also removed from analysis.,yes (exact substring),claude_preliminary
S262,Deep-Learning Accelerated Vessel Wall Imaging Using T1-SPACE at Ultra-,app_patient_selection,Low,"36 patients (21 women; mean age, 53.3 6 16.2 years) underwent IC-VWI at 7T using both SOC T1-SPACE and DLBIR-accelerated T1-SPACE sequences","Clinical patients with diverse cerebrovascular indications undergoing intracranial vessel-wall brain MRI fit the review population, albeit at 7T.",yes (exact substring),claude_preliminary
S262,Deep-Learning Accelerated Vessel Wall Imaging Using T1-SPACE at Ultra-,app_index_test,Low,The DLBIR sequence employed an unrolled variational network that was provided by the vendor as a research application.,"The index test is a vendor unrolled variational-network reconstruction enabling higher CAIPIRINHA undersampling (12 vs 9), matching the review's accelerated-reconstruction scope.",yes (exact substring),claude_preliminary
S262,Deep-Learning Accelerated Vessel Wall Imaging Using T1-SPACE at Ultra-,app_reference_standard,Low,The acquisition time for T1-SPACESOC was 7minutes 30 seconds and for T1-SPACEDL it was 6minutes.,"The reference is the routinely used product standard-of-care sequence with the institution's standard 7:30-minute protocol, consistent with clinical practice.",yes (exact substring),claude_preliminary
S264,Motion-Informed 3D Deep Learning Reconstruction in Patients with Cogni,rob_patient_selection,Unclear,"For the clinical cohort, adult patients referred for memory loss protocol brain MRI were prospectively enrolled between January and August 2023.","Clinical patients were prospectively enrolled but no consecutive or random sampling rule is reported, and the study is a targeted re-analysis of a previously published dataset plus an instructed-motion volunteer cohort.",yes (exact substring),claude_preliminary
S264,Motion-Informed 3D Deep Learning Reconstruction in Patients with Cogni,rob_index_test,Low,independently rated the reconstructed images in a blinded and randomized fashion,De-identified images were rated blinded and randomized per patient in two separated sessions using a prespecified 5-point Likert scale.,yes (exact substring),claude_preliminary
S264,Motion-Informed 3D Deep Learning Reconstruction in Patients with Cogni,rob_reference_standard,Low,"In addition, a motion-free scan was acquired for each subject and was used as the reference standard.","A per-subject motion-free acquisition served as the morphometric reference standard, and the clinical arm was compared against the standard-of-care reconstruction under blinded reading.",yes (exact substring),claude_preliminary
S264,Motion-Informed 3D Deep Learning Reconstruction in Patients with Cogni,rob_flow_timing,Low,All acquisitions were reconstructed by using a sensitivityencoding (SENSE)–based reconstruction (standard of care),"All reconstruction conditions were generated from the same acquisitions, and all 41 enrolled participants (154 volumes) were included in the analysis.",yes (exact substring),claude_preliminary
S264,Motion-Informed 3D Deep Learning Reconstruction in Patients with Cogni,app_patient_selection,Low,"This prospective, intraindividual comparison study included a controlled-motion cohort of healthy volunteers and a clinical cohort of patients undergoing evaluation for memory loss.","The reader-rated cohort comprises real-world memory-loss patients undergoing clinical brain MRI, matching the review, with healthy volunteers used only for the morphometric arm.",yes (exact substring),claude_preliminary
S264,Motion-Informed 3D Deep Learning Reconstruction in Patients with Cogni,app_index_test,Low,All participants underwent 4-fold undersampled 3D MPRAGE with an integrated scout accelerated motion estimation and reduction (SAMER) acquisition.,"The index test is a motion-informed variational-network reconstruction of 4-fold undersampled 3D MPRAGE k-space, directly within the review's scope.",yes (exact substring),claude_preliminary
S264,Motion-Informed 3D Deep Learning Reconstruction in Patients with Cogni,app_reference_standard,Low,Image volumes were reconstructed by using standard of care methods and the proposed DL approach.,"References are the routine SENSE standard-of-care reconstruction and motion-free scans, both consistent with clinical practice.",yes (exact substring),claude_preliminary
